Lot_Bin_Wafer,part,instance,temp,date,Data,ivdd18/bit,ivdd/bit,VWL,Vwl(meas),VBL,Vbl(meas),PRG_CNT,PRG_Time,Pulse1,Pulse2,Pulse3,Pulse4,Pulse5,Pulse6,vdd
P9KT98_0a_X,P0012,0,85C,230410,0x00:,183.1732,1,0x0009,1.8877,0x000e,1.0680,0x09,20,0x00000058,0x00000013,0x00000010,0x00000011,0x00000013,0x00000011,0.8,
P9KT98_0a_X,P0012,0,85C,230410,0xff:,175.6410,1,0x0009,1.8877,0x000e,1.0680,0x09,20,0x00000004,0x00000001,0x00000001,0x00000001,0x00000001,0x00000002,0.8,
P9KT98_0a_X,P0012,0,85C,230410,0x00:,183.1732,1,0x0009,1.8877,0x000e,1.0680,0x0b,25,0x00000045,0x00000015,0x00000015,0x00000014,0x00000016,0x00000017,0.8,
P9KT98_0a_X,P0012,0,85C,230410,0xff:,175.6410,1,0x0009,1.8877,0x000e,1.0680,0x0b,25,0x00000006,0x00000001,0x00000001,0x00000001,0x00000001,0x00000001,0.8,
P9KT98_0a_X,P0012,0,85C,230410,0x00:,183.1732,1,0x0009,1.8877,0x000e,1.0680,0x0d,30,0x0000002a,0x00000010,0x00000013,0x00000015,0x00000015,0x00000012,0.8,
P9KT98_0a_X,P0012,0,85C,230410,0xff:,175.6410,1,0x0009,1.8877,0x000e,1.0680,0x0d,30,0x00000005,0x00000000,0x00000000,0x00000000,0x00000000,0x00000000,0.8,
P9KT98_0a_X,P0012,0,85C,230410,0x00:,183.1732,1,0x0009,1.8877,0x000e,1.0680,0x12,40,0x00000025,0x00000014,0x00000014,0x00000015,0x00000013,0x00000015,0.8,
P9KT98_0a_X,P0012,0,85C,230410,0xff:,175.6410,1,0x0009,1.8877,0x000e,1.0680,0x12,40,0x00000006,0x00000001,0x00000001,0x00000002,0x00000002,0x00000002,0.8,
P9KT98_0a_X,P0012,0,85C,230410,0x00:,183.1732,1,0x0009,1.8877,0x000e,1.0680,0x18,55,0x00000020,0x00000017,0x00000015,0x00000014,0x00000015,0x00000013,0.8,
P9KT98_0a_X,P0012,0,85C,230410,0xff:,175.6410,1,0x0009,1.8877,0x000e,1.0680,0x18,55,0x00000008,0x00000003,0x00000001,0x00000001,0x00000001,0x00000001,0.8,
P9KT98_0a_X,P0012,0,85C,230410,0x00:,195.5128,1,0x0009,1.8877,0x000f,1.0925,0x09,20,0x00000050,0x00000016,0x00000014,0x00000015,0x00000012,0x00000013,0.8,
P9KT98_0a_X,P0012,0,85C,230410,0xff:,168.6699,1,0x0009,1.8877,0x000f,1.0925,0x09,20,0x00000006,0x00000001,0x00000000,0x00000000,0x00000000,0x00000000,0.8,
P9KT98_0a_X,P0012,0,85C,230410,0x00:,195.5128,1,0x0009,1.8877,0x000f,1.0925,0x0b,25,0x0000002d,0x00000012,0x00000014,0x00000015,0x00000014,0x00000013,0.8,
P9KT98_0a_X,P0012,0,85C,230410,0xff:,168.6699,1,0x0009,1.8877,0x000f,1.0925,0x0b,25,0x00000006,0x00000001,0x00000002,0x00000002,0x00000001,0x00000002,0.8,
P9KT98_0a_X,P0012,0,85C,230410,0x00:,195.5128,1,0x0009,1.8877,0x000f,1.0925,0x0d,30,0x00000022,0x0000000f,0x00000011,0x00000012,0x00000011,0x00000014,0.8,
P9KT98_0a_X,P0012,0,85C,230410,0xff:,168.6699,1,0x0009,1.8877,0x000f,1.0925,0x0d,30,0x00000007,0x00000001,0x00000002,0x00000001,0x00000001,0x00000002,0.8,
P9KT98_0a_X,P0012,0,85C,230410,0x00:,195.5128,1,0x0009,1.8877,0x000f,1.0925,0x12,40,0x0000001d,0x00000012,0x00000013,0x00000016,0x00000015,0x00000012,0.8,
P9KT98_0a_X,P0012,0,85C,230410,0xff:,168.6699,1,0x0009,1.8877,0x000f,1.0925,0x12,40,0x00000004,0x00000002,0x00000002,0x00000002,0x00000001,0x00000001,0.8,
P9KT98_0a_X,P0012,0,85C,230410,0x00:,195.5128,1,0x0009,1.8877,0x000f,1.0925,0x18,55,0x00000019,0x00000015,0x00000012,0x00000011,0x00000011,0x00000012,0.8,
P9KT98_0a_X,P0012,0,85C,230410,0xff:,168.6699,1,0x0009,1.8877,0x000f,1.0925,0x18,55,0x00000003,0x00000001,0x00000002,0x00000002,0x00000001,0x00000001,0.8,
P9KT98_0a_X,P0012,0,85C,230410,0x00:,188.4615,1,0x0009,1.8877,0x0010,1.1174,0x09,20,0x00000034,0x00000015,0x00000011,0x00000015,0x00000011,0x00000015,0.8,
P9KT98_0a_X,P0012,0,85C,230410,0xff:,190.3045,1,0x0009,1.8877,0x0010,1.1174,0x09,20,0x00000008,0x00000001,0x00000001,0x00000001,0x00000001,0x00000001,0.8,
P9KT98_0a_X,P0012,0,85C,230410,0x00:,188.4615,1,0x0009,1.8877,0x0010,1.1174,0x0b,25,0x00000021,0x00000013,0x00000011,0x00000011,0x00000013,0x00000014,0.8,
P9KT98_0a_X,P0012,0,85C,230410,0xff:,190.3045,1,0x0009,1.8877,0x0010,1.1174,0x0b,25,0x00000006,0x00000001,0x00000002,0x00000001,0x00000001,0x00000001,0.8,
P9KT98_0a_X,P0012,0,85C,230410,0x00:,188.4615,1,0x0009,1.8877,0x0010,1.1174,0x0d,30,0x0000001f,0x00000015,0x00000014,0x00000015,0x00000017,0x00000012,0.8,
P9KT98_0a_X,P0012,0,85C,230410,0xff:,190.3045,1,0x0009,1.8877,0x0010,1.1174,0x0d,30,0x00000005,0x00000000,0x00000000,0x00000000,0x00000000,0x00000000,0.8,
P9KT98_0a_X,P0012,0,85C,230410,0x00:,188.4615,1,0x0009,1.8877,0x0010,1.1174,0x12,40,0x0000001d,0x00000013,0x00000013,0x00000013,0x00000014,0x00000016,0.8,
P9KT98_0a_X,P0012,0,85C,230410,0xff:,190.3045,1,0x0009,1.8877,0x0010,1.1174,0x12,40,0x00000006,0x00000001,0x00000002,0x00000001,0x00000001,0x00000001,0.8,
P9KT98_0a_X,P0012,0,85C,230410,0x00:,188.4615,1,0x0009,1.8877,0x0010,1.1174,0x18,55,0x0000001b,0x00000013,0x00000016,0x00000013,0x00000016,0x00000014,0.8,
P9KT98_0a_X,P0012,0,85C,230410,0xff:,190.3045,1,0x0009,1.8877,0x0010,1.1174,0x18,55,0x00000006,0x00000001,0x00000001,0x00000002,0x00000001,0x00000001,0.8,
P9KT98_0a_X,P0012,0,85C,230410,0x00:,204.6475,1,0x0009,1.8877,0x0011,1.1421,0x09,20,0x00000028,0x00000013,0x00000013,0x00000012,0x00000015,0x00000014,0.8,
P9KT98_0a_X,P0012,0,85C,230410,0xff:,181.0095,1,0x0009,1.8877,0x0011,1.1421,0x09,20,0x00000007,0x00000003,0x00000002,0x00000001,0x00000002,0x00000001,0.8,
P9KT98_0a_X,P0012,0,85C,230410,0x00:,204.6475,1,0x0009,1.8877,0x0011,1.1421,0x0b,25,0x00000024,0x00000014,0x00000016,0x00000013,0x00000015,0x00000014,0.8,
P9KT98_0a_X,P0012,0,85C,230410,0xff:,181.0095,1,0x0009,1.8877,0x0011,1.1421,0x0b,25,0x00000004,0x00000001,0x00000002,0x00000001,0x00000001,0x00000001,0.8,
P9KT98_0a_X,P0012,0,85C,230410,0x00:,204.6475,1,0x0009,1.8877,0x0011,1.1421,0x0d,30,0x0000001d,0x00000015,0x00000013,0x00000015,0x00000014,0x00000012,0.8,
P9KT98_0a_X,P0012,0,85C,230410,0xff:,181.0095,1,0x0009,1.8877,0x0011,1.1421,0x0d,30,0x00000005,0x00000001,0x00000001,0x00000000,0x00000000,0x00000000,0.8,
P9KT98_0a_X,P0012,0,85C,230410,0x00:,204.6475,1,0x0009,1.8877,0x0011,1.1421,0x12,40,0x0000001e,0x00000015,0x00000015,0x00000012,0x00000015,0x00000011,0.8,
P9KT98_0a_X,P0012,0,85C,230410,0xff:,181.0095,1,0x0009,1.8877,0x0011,1.1421,0x12,40,0x00000005,0x00000001,0x00000002,0x00000002,0x00000001,0x00000001,0.8,
P9KT98_0a_X,P0012,0,85C,230410,0x00:,204.6475,1,0x0009,1.8877,0x0011,1.1421,0x18,55,0x00000020,0x00000015,0x00000016,0x00000013,0x00000017,0x00000016,0.8,
P9KT98_0a_X,P0012,0,85C,230410,0xff:,181.0095,1,0x0009,1.8877,0x0011,1.1421,0x18,55,0x00000006,0x00000001,0x00000001,0x00000001,0x00000001,0x00000001,0.8,
P9KT98_0a_X,P0012,0,85C,230410,0x00:,179.0865,1,0x0009,1.8877,0x0012,1.1669,0x09,20,0x0000002b,0x00000014,0x00000014,0x00000015,0x00000013,0x00000015,0.8,
P9KT98_0a_X,P0012,0,85C,230410,0xff:,191.0256,1,0x0009,1.8877,0x0012,1.1669,0x09,20,0x00000005,0x00000001,0x00000003,0x00000002,0x00000001,0x00000003,0.8,
P9KT98_0a_X,P0012,0,85C,230410,0x00:,179.0865,1,0x0009,1.8877,0x0012,1.1669,0x0b,25,0x0000001f,0x00000011,0x00000014,0x00000012,0x00000013,0x00000011,0.8,
P9KT98_0a_X,P0012,0,85C,230410,0xff:,191.0256,1,0x0009,1.8877,0x0012,1.1669,0x0b,25,0x0000000a,0x00000003,0x00000002,0x00000001,0x00000001,0x00000001,0.8,
P9KT98_0a_X,P0012,0,85C,230410,0x00:,179.0865,1,0x0009,1.8877,0x0012,1.1669,0x0d,30,0x0000001e,0x00000015,0x00000015,0x00000014,0x00000016,0x00000016,0.8,
P9KT98_0a_X,P0012,0,85C,230410,0xff:,191.0256,1,0x0009,1.8877,0x0012,1.1669,0x0d,30,0x00000006,0x00000001,0x00000000,0x00000000,0x00000000,0x00000000,0.8,
P9KT98_0a_X,P0012,0,85C,230410,0x00:,179.0865,1,0x0009,1.8877,0x0012,1.1669,0x12,40,0x0000001a,0x00000013,0x00000014,0x00000015,0x00000010,0x00000013,0.8,
P9KT98_0a_X,P0012,0,85C,230410,0xff:,191.0256,1,0x0009,1.8877,0x0012,1.1669,0x12,40,0x00000006,0x00000001,0x00000002,0x00000001,0x00000001,0x00000001,0.8,
P9KT98_0a_X,P0012,0,85C,230410,0x00:,179.0865,1,0x0009,1.8877,0x0012,1.1669,0x18,55,0x00000020,0x00000010,0x00000013,0x00000013,0x00000018,0x00000010,0.8,
P9KT98_0a_X,P0012,0,85C,230410,0xff:,191.0256,1,0x0009,1.8877,0x0012,1.1669,0x18,55,0x00000004,0x00000001,0x00000001,0x00000002,0x00000002,0x00000002,0.8,
P9KT98_0a_X,P0012,0,85C,230410,0x00:,201.9231,1,0x0009,1.8877,0x0013,1.1913,0x09,20,0x00000024,0x00000012,0x00000014,0x00000013,0x00000016,0x00000014,0.8,
P9KT98_0a_X,P0012,0,85C,230410,0xff:,185.1764,1,0x0009,1.8877,0x0013,1.1913,0x09,20,0x00000006,0x00000001,0x00000002,0x00000001,0x00000001,0x00000001,0.8,
P9KT98_0a_X,P0012,0,85C,230410,0x00:,201.9231,1,0x0009,1.8877,0x0013,1.1913,0x0b,25,0x0000001c,0x00000016,0x00000014,0x00000013,0x00000011,0x00000014,0.8,
P9KT98_0a_X,P0012,0,85C,230410,0xff:,185.1764,1,0x0009,1.8877,0x0013,1.1913,0x0b,25,0x00000006,0x00000003,0x00000002,0x00000003,0x00000002,0x00000001,0.8,
P9KT98_0a_X,P0012,0,85C,230410,0x00:,201.9231,1,0x0009,1.8877,0x0013,1.1913,0x0d,30,0x0000001d,0x00000015,0x00000012,0x00000014,0x00000014,0x00000014,0.8,
P9KT98_0a_X,P0012,0,85C,230410,0xff:,185.1764,1,0x0009,1.8877,0x0013,1.1913,0x0d,30,0x00000007,0x00000001,0x00000003,0x00000001,0x00000000,0x00000000,0.8,
P9KT98_0a_X,P0012,0,85C,230410,0x00:,201.9231,1,0x0009,1.8877,0x0013,1.1913,0x12,40,0x00000018,0x00000011,0x00000016,0x00000011,0x00000015,0x00000010,0.8,
P9KT98_0a_X,P0012,0,85C,230410,0xff:,185.1764,1,0x0009,1.8877,0x0013,1.1913,0x12,40,0x00000008,0x00000002,0x00000002,0x00000001,0x00000002,0x00000003,0.8,
P9KT98_0a_X,P0012,0,85C,230410,0x00:,201.9231,1,0x0009,1.8877,0x0013,1.1913,0x18,55,0x0000001c,0x00000011,0x00000018,0x00000016,0x00000015,0x00000013,0.8,
P9KT98_0a_X,P0012,0,85C,230410,0xff:,185.1764,1,0x0009,1.8877,0x0013,1.1913,0x18,55,0x00000006,0x00000001,0x00000001,0x00000002,0x00000001,0x00000002,0.8,
P9KT98_0a_X,P0012,0,85C,230410,0x00:,185.0962,1,0x0009,1.8877,0x0014,1.2160,0x09,20,0x00000020,0x00000014,0x00000015,0x00000015,0x00000015,0x00000018,0.8,
P9KT98_0a_X,P0012,0,85C,230410,0xff:,196.4743,1,0x0009,1.8877,0x0014,1.2160,0x09,20,0x00000007,0x00000002,0x00000003,0x00000002,0x00000003,0x00000000,0.8,
P9KT98_0a_X,P0012,0,85C,230410,0x00:,185.0962,1,0x0009,1.8877,0x0014,1.2160,0x0b,25,0x00000019,0x00000013,0x00000015,0x00000014,0x00000017,0x00000013,0.8,
P9KT98_0a_X,P0012,0,85C,230410,0xff:,196.4743,1,0x0009,1.8877,0x0014,1.2160,0x0b,25,0x00000004,0x00000001,0x00000002,0x00000001,0x00000001,0x00000002,0.8,
P9KT98_0a_X,P0012,0,85C,230410,0x00:,185.0962,1,0x0009,1.8877,0x0014,1.2160,0x0d,30,0x0000001b,0x00000013,0x00000016,0x00000014,0x00000014,0x00000014,0.8,
P9KT98_0a_X,P0012,0,85C,230410,0xff:,196.4743,1,0x0009,1.8877,0x0014,1.2160,0x0d,30,0x00000003,0x00000002,0x00000001,0x00000002,0x00000001,0x00000001,0.8,
P9KT98_0a_X,P0012,0,85C,230410,0x00:,185.0962,1,0x0009,1.8877,0x0014,1.2160,0x12,40,0x0000001b,0x00000014,0x00000014,0x00000018,0x00000019,0x00000019,0.8,
P9KT98_0a_X,P0012,0,85C,230410,0xff:,196.4743,1,0x0009,1.8877,0x0014,1.2160,0x12,40,0x00000003,0x00000001,0x00000002,0x00000000,0x00000000,0x00000000,0.8,
P9KT98_0a_X,P0012,0,85C,230410,0x00:,185.0962,1,0x0009,1.8877,0x0014,1.2160,0x18,55,0x0000001b,0x00000011,0x00000017,0x00000018,0x00000014,0x00000013,0.8,
P9KT98_0a_X,P0012,0,85C,230410,0xff:,196.4743,1,0x0009,1.8877,0x0014,1.2160,0x18,55,0x00000007,0x00000001,0x00000001,0x00000000,0x00000000,0x00000000,0.8,
P9KT98_0a_X,P0012,0,85C,230410,0x00:,215.2243,1,0x0009,1.8877,0x0015,1.2403,0x09,20,0x0000001b,0x00000012,0x00000014,0x00000010,0x00000014,0x00000012,0.8,
P9KT98_0a_X,P0012,0,85C,230410,0xff:,203.5256,1,0x0009,1.8877,0x0015,1.2403,0x09,20,0x00000006,0x00000002,0x00000002,0x00000000,0x00000000,0x00000000,0.8,
P9KT98_0a_X,P0012,0,85C,230410,0x00:,215.2243,1,0x0009,1.8877,0x0015,1.2403,0x0b,25,0x0000001c,0x00000015,0x00000013,0x00000011,0x00000015,0x00000014,0.8,
P9KT98_0a_X,P0012,0,85C,230410,0xff:,203.5256,1,0x0009,1.8877,0x0015,1.2403,0x0b,25,0x00000008,0x00000001,0x00000001,0x00000001,0x00000001,0x00000001,0.8,
P9KT98_0a_X,P0012,0,85C,230410,0x00:,215.2243,1,0x0009,1.8877,0x0015,1.2403,0x0d,30,0x0000001a,0x00000014,0x00000012,0x00000012,0x0000000d,0x00000013,0.8,
P9KT98_0a_X,P0012,0,85C,230410,0xff:,203.5256,1,0x0009,1.8877,0x0015,1.2403,0x0d,30,0x00000006,0x00000001,0x00000002,0x00000001,0x00000001,0x00000001,0.8,
P9KT98_0a_X,P0012,0,85C,230410,0x00:,215.2243,1,0x0009,1.8877,0x0015,1.2403,0x12,40,0x00000019,0x00000010,0x00000012,0x00000011,0x00000015,0x00000018,0.8,
P9KT98_0a_X,P0012,0,85C,230410,0xff:,203.5256,1,0x0009,1.8877,0x0015,1.2403,0x12,40,0x00000007,0x00000000,0x00000000,0x00000000,0x00000000,0x00000000,0.8,
P9KT98_0a_X,P0012,0,85C,230410,0x00:,215.2243,1,0x0009,1.8877,0x0015,1.2403,0x18,55,0x0000001a,0x00000016,0x00000014,0x00000015,0x00000015,0x00000016,0.8,
P9KT98_0a_X,P0012,0,85C,230410,0xff:,203.5256,1,0x0009,1.8877,0x0015,1.2403,0x18,55,0x00000004,0x00000001,0x00000001,0x00000001,0x00000003,0x00000002,0.8,
P9KT98_0a_X,P0012,0,85C,230410,0x00:,188.9424,1,0x0009,1.8877,0x0016,1.2648,0x09,20,0x00000017,0x00000011,0x00000013,0x00000014,0x00000012,0x00000014,0.8,
P9KT98_0a_X,P0012,0,85C,230410,0xff:,207.5321,1,0x0009,1.8877,0x0016,1.2648,0x09,20,0x00000005,0x00000000,0x00000000,0x00000000,0x00000000,0x00000000,0.8,
P9KT98_0a_X,P0012,0,85C,230410,0x00:,188.9424,1,0x0009,1.8877,0x0016,1.2648,0x0b,25,0x0000001a,0x00000011,0x00000013,0x00000013,0x00000010,0x00000010,0.8,
P9KT98_0a_X,P0012,0,85C,230410,0xff:,207.5321,1,0x0009,1.8877,0x0016,1.2648,0x0b,25,0x00000006,0x00000001,0x00000001,0x00000000,0x00000000,0x00000000,0.8,
P9KT98_0a_X,P0012,0,85C,230410,0x00:,188.9424,1,0x0009,1.8877,0x0016,1.2648,0x0d,30,0x0000001a,0x00000013,0x00000012,0x00000015,0x00000012,0x00000010,0.8,
P9KT98_0a_X,P0012,0,85C,230410,0xff:,207.5321,1,0x0009,1.8877,0x0016,1.2648,0x0d,30,0x00000006,0x00000001,0x00000002,0x00000001,0x00000002,0x00000001,0.8,
P9KT98_0a_X,P0012,0,85C,230410,0x00:,188.9424,1,0x0009,1.8877,0x0016,1.2648,0x12,40,0x00000019,0x00000012,0x00000014,0x00000013,0x00000014,0x00000012,0.8,
P9KT98_0a_X,P0012,0,85C,230410,0xff:,207.5321,1,0x0009,1.8877,0x0016,1.2648,0x12,40,0x00000002,0x00000001,0x00000000,0x00000000,0x00000000,0x00000000,0.8,
P9KT98_0a_X,P0012,0,85C,230410,0x00:,188.9424,1,0x0009,1.8877,0x0016,1.2648,0x18,55,0x00000018,0x00000014,0x00000014,0x00000013,0x00000013,0x00000015,0.8,
P9KT98_0a_X,P0012,0,85C,230410,0xff:,207.5321,1,0x0009,1.8877,0x0016,1.2648,0x18,55,0x00000007,0x00000001,0x00000002,0x00000001,0x00000001,0x00000000,0.8,
P9KT98_0a_X,P0012,0,85C,230410,0x00:,200.8814,1,0x000b,1.9875,0x000e,1.0680,0x09,20,0x00000048,0x00000016,0x00000016,0x00000014,0x00000013,0x00000016,0.8,
P9KT98_0a_X,P0012,0,85C,230410,0xff:,171.2340,1,0x000b,1.9875,0x000e,1.0680,0x09,20,0x00000005,0x00000001,0x00000001,0x00000003,0x00000001,0x00000001,0.8,
P9KT98_0a_X,P0012,0,85C,230410,0x00:,200.8814,1,0x000b,1.9875,0x000e,1.0680,0x0b,25,0x00000040,0x00000014,0x00000015,0x00000016,0x00000014,0x00000015,0.8,
P9KT98_0a_X,P0012,0,85C,230410,0xff:,171.2340,1,0x000b,1.9875,0x000e,1.0680,0x0b,25,0x00000006,0x00000001,0x00000001,0x00000001,0x00000000,0x00000000,0.8,
P9KT98_0a_X,P0012,0,85C,230410,0x00:,200.8814,1,0x000b,1.9875,0x000e,1.0680,0x0d,30,0x00000032,0x00000015,0x00000013,0x00000016,0x00000016,0x00000013,0.8,
P9KT98_0a_X,P0012,0,85C,230410,0xff:,171.2340,1,0x000b,1.9875,0x000e,1.0680,0x0d,30,0x00000004,0x00000000,0x00000000,0x00000000,0x00000000,0x00000000,0.8,
P9KT98_0a_X,P0012,0,85C,230410,0x00:,200.8814,1,0x000b,1.9875,0x000e,1.0680,0x12,40,0x00000029,0x00000013,0x00000014,0x00000014,0x00000013,0x00000014,0.8,
P9KT98_0a_X,P0012,0,85C,230410,0xff:,171.2340,1,0x000b,1.9875,0x000e,1.0680,0x12,40,0x00000004,0x00000001,0x00000001,0x00000001,0x00000001,0x00000001,0.8,
P9KT98_0a_X,P0012,0,85C,230410,0x00:,200.8814,1,0x000b,1.9875,0x000e,1.0680,0x18,55,0x0000001c,0x00000014,0x00000013,0x00000012,0x00000013,0x00000014,0.8,
P9KT98_0a_X,P0012,0,85C,230410,0xff:,171.2340,1,0x000b,1.9875,0x000e,1.0680,0x18,55,0x00000002,0x00000001,0x00000001,0x00000001,0x00000001,0x00000002,0.8,
P9KT98_0a_X,P0012,0,85C,230410,0x00:,176.1218,1,0x000b,1.9875,0x000f,1.0925,0x09,20,0x00000046,0x00000016,0x00000011,0x00000012,0x00000015,0x00000015,0.8,
P9KT98_0a_X,P0012,0,85C,230410,0xff:,173.0769,1,0x000b,1.9875,0x000f,1.0925,0x09,20,0x00000007,0x00000001,0x00000002,0x00000000,0x00000000,0x00000000,0.8,
P9KT98_0a_X,P0012,0,85C,230410,0x00:,176.1218,1,0x000b,1.9875,0x000f,1.0925,0x0b,25,0x00000038,0x00000014,0x00000013,0x00000011,0x00000014,0x00000012,0.8,
P9KT98_0a_X,P0012,0,85C,230410,0xff:,173.0769,1,0x000b,1.9875,0x000f,1.0925,0x0b,25,0x00000005,0x00000002,0x00000001,0x00000002,0x00000001,0x00000001,0.8,
P9KT98_0a_X,P0012,0,85C,230410,0x00:,176.1218,1,0x000b,1.9875,0x000f,1.0925,0x0d,30,0x0000002d,0x00000018,0x00000016,0x00000014,0x00000011,0x00000017,0.8,
P9KT98_0a_X,P0012,0,85C,230410,0xff:,173.0769,1,0x000b,1.9875,0x000f,1.0925,0x0d,30,0x0000000c,0x00000000,0x00000000,0x00000000,0x00000000,0x00000000,0.8,
P9KT98_0a_X,P0012,0,85C,230410,0x00:,176.1218,1,0x000b,1.9875,0x000f,1.0925,0x12,40,0x00000022,0x00000012,0x00000010,0x00000013,0x00000010,0x00000013,0.8,
P9KT98_0a_X,P0012,0,85C,230410,0xff:,173.0769,1,0x000b,1.9875,0x000f,1.0925,0x12,40,0x00000009,0x00000001,0x00000002,0x00000001,0x00000003,0x00000001,0.8,
P9KT98_0a_X,P0012,0,85C,230410,0x00:,176.1218,1,0x000b,1.9875,0x000f,1.0925,0x18,55,0x0000001c,0x00000011,0x00000014,0x00000015,0x00000011,0x00000013,0.8,
P9KT98_0a_X,P0012,0,85C,230410,0xff:,173.0769,1,0x000b,1.9875,0x000f,1.0925,0x18,55,0x00000005,0x00000002,0x00000001,0x00000001,0x00000001,0x00000000,0.8,
P9KT98_0a_X,P0012,0,85C,230410,0x00:,205.9295,1,0x000b,1.9875,0x0010,1.1174,0x09,20,0x0000002e,0x00000013,0x00000011,0x00000011,0x00000013,0x00000013,0.8,
P9KT98_0a_X,P0012,0,85C,230410,0xff:,184.8558,1,0x000b,1.9875,0x0010,1.1174,0x09,20,0x00000005,0x00000001,0x00000001,0x00000001,0x00000001,0x00000003,0.8,
P9KT98_0a_X,P0012,0,85C,230410,0x00:,205.9295,1,0x000b,1.9875,0x0010,1.1174,0x0b,25,0x00000029,0x00000012,0x00000013,0x00000014,0x00000011,0x00000015,0.8,
P9KT98_0a_X,P0012,0,85C,230410,0xff:,184.8558,1,0x000b,1.9875,0x0010,1.1174,0x0b,25,0x00000006,0x00000001,0x00000001,0x00000002,0x00000001,0x00000001,0.8,
P9KT98_0a_X,P0012,0,85C,230410,0x00:,205.9295,1,0x000b,1.9875,0x0010,1.1174,0x0d,30,0x00000020,0x00000012,0x00000013,0x00000015,0x00000015,0x00000013,0.8,
P9KT98_0a_X,P0012,0,85C,230410,0xff:,184.8558,1,0x000b,1.9875,0x0010,1.1174,0x0d,30,0x00000006,0x00000001,0x00000001,0x00000001,0x00000001,0x00000001,0.8,
P9KT98_0a_X,P0012,0,85C,230410,0x00:,205.9295,1,0x000b,1.9875,0x0010,1.1174,0x12,40,0x0000001a,0x00000014,0x00000016,0x00000014,0x00000015,0x00000013,0.8,
P9KT98_0a_X,P0012,0,85C,230410,0xff:,184.8558,1,0x000b,1.9875,0x0010,1.1174,0x12,40,0x00000007,0x00000001,0x00000001,0x00000001,0x00000000,0x00000000,0.8,
P9KT98_0a_X,P0012,0,85C,230410,0x00:,205.9295,1,0x000b,1.9875,0x0010,1.1174,0x18,55,0x0000001a,0x00000015,0x00000014,0x00000010,0x00000013,0x0000000e,0.8,
P9KT98_0a_X,P0012,0,85C,230410,0xff:,184.8558,1,0x000b,1.9875,0x0010,1.1174,0x18,55,0x00000005,0x00000001,0x00000000,0x00000000,0x00000000,0x00000000,0.8,
P9KT98_0a_X,P0012,0,85C,230410,0x00:,188.9424,1,0x000b,1.9875,0x0011,1.1421,0x09,20,0x0000002b,0x00000014,0x00000011,0x00000014,0x00000014,0x00000015,0.8,
P9KT98_0a_X,P0012,0,85C,230410,0xff:,185.8974,1,0x000b,1.9875,0x0011,1.1421,0x09,20,0x00000004,0x00000001,0x00000002,0x00000002,0x00000001,0x00000001,0.8,
P9KT98_0a_X,P0012,0,85C,230410,0x00:,188.9424,1,0x000b,1.9875,0x0011,1.1421,0x0b,25,0x00000025,0x00000013,0x00000015,0x00000010,0x00000014,0x00000012,0.8,
P9KT98_0a_X,P0012,0,85C,230410,0xff:,185.8974,1,0x000b,1.9875,0x0011,1.1421,0x0b,25,0x00000006,0x00000001,0x00000001,0x00000001,0x00000002,0x00000002,0.8,
P9KT98_0a_X,P0012,0,85C,230410,0x00:,188.9424,1,0x000b,1.9875,0x0011,1.1421,0x0d,30,0x00000021,0x00000016,0x00000016,0x00000015,0x00000013,0x00000015,0.8,
P9KT98_0a_X,P0012,0,85C,230410,0xff:,185.8974,1,0x000b,1.9875,0x0011,1.1421,0x0d,30,0x00000003,0x00000001,0x00000001,0x00000002,0x00000001,0x00000001,0.8,
P9KT98_0a_X,P0012,0,85C,230410,0x00:,188.9424,1,0x000b,1.9875,0x0011,1.1421,0x12,40,0x0000001c,0x00000014,0x00000013,0x00000011,0x00000013,0x00000012,0.8,
P9KT98_0a_X,P0012,0,85C,230410,0xff:,185.8974,1,0x000b,1.9875,0x0011,1.1421,0x12,40,0x00000005,0x00000001,0x00000001,0x00000001,0x00000001,0x00000002,0.8,
P9KT98_0a_X,P0012,0,85C,230410,0x00:,188.9424,1,0x000b,1.9875,0x0011,1.1421,0x18,55,0x0000001e,0x00000014,0x00000012,0x00000011,0x00000015,0x00000014,0.8,
P9KT98_0a_X,P0012,0,85C,230410,0xff:,185.8974,1,0x000b,1.9875,0x0011,1.1421,0x18,55,0x00000007,0x00000002,0x00000002,0x00000001,0x00000002,0x00000001,0.8,
P9KT98_0a_X,P0012,0,85C,230410,0x00:,209.9359,1,0x000b,1.9875,0x0012,1.1669,0x09,20,0x0000002b,0x00000014,0x00000014,0x00000015,0x00000013,0x00000013,0.8,
P9KT98_0a_X,P0012,0,85C,230410,0xff:,193.1891,1,0x000b,1.9875,0x0012,1.1669,0x09,20,0x00000006,0x00000002,0x00000000,0x00000000,0x00000000,0x00000000,0.8,
P9KT98_0a_X,P0012,0,85C,230410,0x00:,209.9359,1,0x000b,1.9875,0x0012,1.1669,0x0b,25,0x00000022,0x00000016,0x00000011,0x00000014,0x00000013,0x00000014,0.8,
P9KT98_0a_X,P0012,0,85C,230410,0xff:,193.1891,1,0x000b,1.9875,0x0012,1.1669,0x0b,25,0x00000008,0x00000001,0x00000002,0x00000002,0x00000002,0x00000001,0.8,
P9KT98_0a_X,P0012,0,85C,230410,0x00:,209.9359,1,0x000b,1.9875,0x0012,1.1669,0x0d,30,0x0000001a,0x00000012,0x00000013,0x00000014,0x00000014,0x00000015,0.8,
P9KT98_0a_X,P0012,0,85C,230410,0xff:,193.1891,1,0x000b,1.9875,0x0012,1.1669,0x0d,30,0x00000005,0x00000001,0x00000001,0x00000001,0x00000000,0x00000000,0.8,
P9KT98_0a_X,P0012,0,85C,230410,0x00:,209.9359,1,0x000b,1.9875,0x0012,1.1669,0x12,40,0x0000001c,0x00000012,0x00000014,0x00000015,0x00000011,0x00000013,0.8,
P9KT98_0a_X,P0012,0,85C,230410,0xff:,193.1891,1,0x000b,1.9875,0x0012,1.1669,0x12,40,0x00000007,0x00000001,0x00000001,0x00000001,0x00000002,0x00000001,0.8,
P9KT98_0a_X,P0012,0,85C,230410,0x00:,209.9359,1,0x000b,1.9875,0x0012,1.1669,0x18,55,0x0000001c,0x00000017,0x00000015,0x00000012,0x00000013,0x00000013,0.8,
P9KT98_0a_X,P0012,0,85C,230410,0xff:,193.1891,1,0x000b,1.9875,0x0012,1.1669,0x18,55,0x00000008,0x00000001,0x00000001,0x00000001,0x00000001,0x00000001,0.8,
P9KT98_0a_X,P0012,0,85C,230410,0x00:,187.8204,1,0x000b,1.9875,0x0013,1.1913,0x09,20,0x00000023,0x00000014,0x00000015,0x00000014,0x00000015,0x00000014,0.8,
P9KT98_0a_X,P0012,0,85C,230410,0xff:,178.0449,1,0x000b,1.9875,0x0013,1.1913,0x09,20,0x00000009,0x00000001,0x00000001,0x00000002,0x00000001,0x00000001,0.8,
P9KT98_0a_X,P0012,0,85C,230410,0x00:,187.8204,1,0x000b,1.9875,0x0013,1.1913,0x0b,25,0x00000023,0x00000017,0x00000015,0x00000019,0x00000015,0x00000012,0.8,
P9KT98_0a_X,P0012,0,85C,230410,0xff:,178.0449,1,0x000b,1.9875,0x0013,1.1913,0x0b,25,0x00000005,0x00000001,0x00000002,0x00000002,0x00000003,0x00000002,0.8,
P9KT98_0a_X,P0012,0,85C,230410,0x00:,187.8204,1,0x000b,1.9875,0x0013,1.1913,0x0d,30,0x0000001c,0x00000013,0x00000014,0x00000011,0x00000015,0x00000015,0.8,
P9KT98_0a_X,P0012,0,85C,230410,0xff:,178.0449,1,0x000b,1.9875,0x0013,1.1913,0x0d,30,0x00000006,0x00000000,0x00000000,0x00000000,0x00000000,0x00000000,0.8,
P9KT98_0a_X,P0012,0,85C,230410,0x00:,187.8204,1,0x000b,1.9875,0x0013,1.1913,0x12,40,0x0000001b,0x00000013,0x00000014,0x00000015,0x00000014,0x0000000f,0.8,
P9KT98_0a_X,P0012,0,85C,230410,0xff:,178.0449,1,0x000b,1.9875,0x0013,1.1913,0x12,40,0x00000003,0x00000001,0x00000002,0x00000002,0x00000002,0x00000002,0.8,
P9KT98_0a_X,P0012,0,85C,230410,0x00:,187.8204,1,0x000b,1.9875,0x0013,1.1913,0x18,55,0x00000018,0x00000015,0x0000000e,0x00000015,0x00000014,0x00000014,0.8,
P9KT98_0a_X,P0012,0,85C,230410,0xff:,178.0449,1,0x000b,1.9875,0x0013,1.1913,0x18,55,0x00000007,0x00000001,0x00000001,0x00000002,0x00000003,0x00000001,0.8,
P9KT98_0a_X,P0012,0,85C,230410,0x00:,202.9647,1,0x000b,1.9875,0x0014,1.2160,0x09,20,0x00000022,0x00000013,0x00000012,0x00000013,0x00000012,0x00000013,0.8,
P9KT98_0a_X,P0012,0,85C,230410,0xff:,204.8078,1,0x000b,1.9875,0x0014,1.2160,0x09,20,0x00000004,0x00000001,0x00000001,0x00000002,0x00000001,0x00000001,0.8,
P9KT98_0a_X,P0012,0,85C,230410,0x00:,202.9647,1,0x000b,1.9875,0x0014,1.2160,0x0b,25,0x00000021,0x00000013,0x00000016,0x00000011,0x00000013,0x00000013,0.8,
P9KT98_0a_X,P0012,0,85C,230410,0xff:,204.8078,1,0x000b,1.9875,0x0014,1.2160,0x0b,25,0x00000009,0x00000001,0x00000001,0x00000002,0x00000003,0x00000002,0.8,
P9KT98_0a_X,P0012,0,85C,230410,0x00:,202.9647,1,0x000b,1.9875,0x0014,1.2160,0x0d,30,0x0000001d,0x00000016,0x00000012,0x00000011,0x00000010,0x00000015,0.8,
P9KT98_0a_X,P0012,0,85C,230410,0xff:,204.8078,1,0x000b,1.9875,0x0014,1.2160,0x0d,30,0x00000007,0x00000002,0x00000002,0x00000000,0x00000000,0x00000000,0.8,
P9KT98_0a_X,P0012,0,85C,230410,0x00:,202.9647,1,0x000b,1.9875,0x0014,1.2160,0x12,40,0x0000001a,0x00000013,0x00000011,0x00000013,0x00000012,0x00000013,0.8,
P9KT98_0a_X,P0012,0,85C,230410,0xff:,204.8078,1,0x000b,1.9875,0x0014,1.2160,0x12,40,0x00000002,0x00000001,0x00000001,0x00000001,0x00000001,0x00000002,0.8,
P9KT98_0a_X,P0012,0,85C,230410,0x00:,202.9647,1,0x000b,1.9875,0x0014,1.2160,0x18,55,0x0000001c,0x00000013,0x00000013,0x00000012,0x00000013,0x00000012,0.8,
P9KT98_0a_X,P0012,0,85C,230410,0xff:,204.8078,1,0x000b,1.9875,0x0014,1.2160,0x18,55,0x00000007,0x00000001,0x00000001,0x00000002,0x00000001,0x00000001,0.8,
P9KT98_0a_X,P0012,0,85C,230410,0x00:,204.8077,1,0x000b,1.9875,0x0015,1.2403,0x09,20,0x0000001b,0x00000014,0x00000018,0x00000016,0x00000011,0x00000016,0.8,
P9KT98_0a_X,P0012,0,85C,230410,0xff:,184.5353,1,0x000b,1.9875,0x0015,1.2403,0x09,20,0x00000005,0x00000001,0x00000002,0x00000002,0x00000001,0x00000001,0.8,
P9KT98_0a_X,P0012,0,85C,230410,0x00:,204.8077,1,0x000b,1.9875,0x0015,1.2403,0x0b,25,0x00000019,0x00000016,0x00000014,0x00000014,0x00000016,0x00000013,0.8,
P9KT98_0a_X,P0012,0,85C,230410,0xff:,184.5353,1,0x000b,1.9875,0x0015,1.2403,0x0b,25,0x00000008,0x00000002,0x00000001,0x00000001,0x00000001,0x00000002,0.8,
P9KT98_0a_X,P0012,0,85C,230410,0x00:,204.8077,1,0x000b,1.9875,0x0015,1.2403,0x0d,30,0x0000001b,0x00000017,0x00000016,0x00000015,0x00000014,0x00000014,0.8,
P9KT98_0a_X,P0012,0,85C,230410,0xff:,184.5353,1,0x000b,1.9875,0x0015,1.2403,0x0d,30,0x00000008,0x00000001,0x00000002,0x00000001,0x00000002,0x00000001,0.8,
P9KT98_0a_X,P0012,0,85C,230410,0x00:,204.8077,1,0x000b,1.9875,0x0015,1.2403,0x12,40,0x0000001a,0x00000014,0x00000012,0x00000013,0x00000015,0x00000014,0.8,
P9KT98_0a_X,P0012,0,85C,230410,0xff:,184.5353,1,0x000b,1.9875,0x0015,1.2403,0x12,40,0x00000007,0x00000001,0x00000001,0x00000002,0x00000002,0x00000001,0.8,
P9KT98_0a_X,P0012,0,85C,230410,0x00:,204.8077,1,0x000b,1.9875,0x0015,1.2403,0x18,55,0x0000001b,0x00000013,0x00000013,0x00000012,0x00000014,0x00000012,0.8,
P9KT98_0a_X,P0012,0,85C,230410,0xff:,184.5353,1,0x000b,1.9875,0x0015,1.2403,0x18,55,0x00000007,0x00000001,0x00000001,0x00000001,0x00000001,0x00000001,0.8,
P9KT98_0a_X,P0012,0,85C,230410,0x00:,211.3781,1,0x000b,1.9875,0x0016,1.2648,0x09,20,0x0000001a,0x00000012,0x00000014,0x00000013,0x00000014,0x00000016,0.8,
P9KT98_0a_X,P0012,0,85C,230410,0xff:,227.3237,1,0x000b,1.9875,0x0016,1.2648,0x09,20,0x00000004,0x00000001,0x00000002,0x00000001,0x00000001,0x00000002,0.8,
P9KT98_0a_X,P0012,0,85C,230410,0x00:,211.3781,1,0x000b,1.9875,0x0016,1.2648,0x0b,25,0x0000001a,0x00000013,0x00000015,0x00000011,0x00000015,0x00000012,0.8,
P9KT98_0a_X,P0012,0,85C,230410,0xff:,227.3237,1,0x000b,1.9875,0x0016,1.2648,0x0b,25,0x00000007,0x00000000,0x00000000,0x00000000,0x00000000,0x00000000,0.8,
P9KT98_0a_X,P0012,0,85C,230410,0x00:,211.3781,1,0x000b,1.9875,0x0016,1.2648,0x0d,30,0x0000001f,0x00000015,0x00000014,0x00000016,0x00000015,0x00000016,0.8,
P9KT98_0a_X,P0012,0,85C,230410,0xff:,227.3237,1,0x000b,1.9875,0x0016,1.2648,0x0d,30,0x00000002,0x00000001,0x00000001,0x00000001,0x00000002,0x00000002,0.8,
P9KT98_0a_X,P0012,0,85C,230410,0x00:,211.3781,1,0x000b,1.9875,0x0016,1.2648,0x12,40,0x0000001c,0x00000015,0x00000016,0x00000014,0x00000012,0x00000012,0.8,
P9KT98_0a_X,P0012,0,85C,230410,0xff:,227.3237,1,0x000b,1.9875,0x0016,1.2648,0x12,40,0x00000006,0x00000002,0x00000003,0x00000002,0x00000002,0x00000002,0.8,
P9KT98_0a_X,P0012,0,85C,230410,0x00:,211.3781,1,0x000b,1.9875,0x0016,1.2648,0x18,55,0x0000001d,0x00000015,0x00000014,0x00000014,0x00000013,0x00000011,0.8,
P9KT98_0a_X,P0012,0,85C,230410,0xff:,227.3237,1,0x000b,1.9875,0x0016,1.2648,0x18,55,0x00000004,0x00000001,0x00000001,0x00000001,0x00000001,0x00000001,0.8,
