Vdd,Vdd18,sys_osc_trim,sys_osc_target_freq[MHz],sys_clk_period[ns],sys_clk_freq[MHz],pre-bck_grd_iddw[mA],pre-bck_grd_idd18w[mA],Vwl,Vbl,write speed[ns],write-data,iddw[mA],idd18w[mA],Lot Bin Wafer,Part Number,Temp,Date
0.72,1.62,0x9f,200,5.163470,193.67,2.301250,3.191250,0x0b,0x12,20.00,ckbd-0xaa,2.748750,47.195625,P9KT98.AC_a_0,Q0134,25C,231207
0.72,1.62,0x9f,200,5.163470,193.67,2.301250,3.191250,0x0b,0x12,20.00,solid0x00,2.611875,47.930000,P9KT98.AC_a_0,Q0134,25C,231207
0.72,1.62,0x9f,200,5.163470,193.67,2.301250,3.191250,0x0b,0x12,20.00,solid0xff,2.586875,45.957500,P9KT98.AC_a_0,Q0134,25C,231207
0.72,1.62,0x9f,200,5.160299,193.79,2.359375,3.200000,0x0b,0x12,25.00,ckbd-0xaa,2.715625,47.930000,P9KT98.AC_a_0,Q0134,25C,231207
0.72,1.62,0x9f,200,5.160299,193.79,2.359375,3.200000,0x0b,0x12,25.00,solid0x00,2.593750,48.758125,P9KT98.AC_a_0,Q0134,25C,231207
0.72,1.62,0x9f,200,5.160299,193.79,2.359375,3.200000,0x0b,0x12,25.00,solid0xff,2.503125,46.296257,P9KT98.AC_a_0,Q0134,25C,231207
0.72,1.62,0x9f,200,5.300169,188.67,2.377500,3.196875,0x0b,0x12,40.00,ckbd-0xaa,2.618125,48.653130,P9KT98.AC_a_0,Q0134,25C,231207
0.72,1.62,0x9f,200,5.300169,188.67,2.377500,3.196875,0x0b,0x12,40.00,solid0x00,2.544375,50.858753,P9KT98.AC_a_0,Q0134,25C,231207
0.72,1.62,0x9f,200,5.300169,188.67,2.377500,3.196875,0x0b,0x12,40.00,solid0xff,2.482500,46.458122,P9KT98.AC_a_0,Q0134,25C,231207
0.72,1.62,0x9f,200,5.542890,180.41,2.329375,3.176875,0x0b,0x12,60.00,ckbd-0xaa,2.618750,49.583748,P9KT98.AC_a_0,Q0134,25C,231207
0.72,1.62,0x9f,200,5.542890,180.41,2.329375,3.176875,0x0b,0x12,60.00,solid0x00,2.549375,51.988129,P9KT98.AC_a_0,Q0134,25C,231207
0.72,1.62,0x9f,200,5.542890,180.41,2.329375,3.176875,0x0b,0x12,60.00,solid0xff,2.501250,46.797504,P9KT98.AC_a_0,Q0134,25C,231207
0.72,1.62,0x9f,200,5.577158,179.30,2.380000,3.224375,0x0b,0x12,80.00,ckbd-0xaa,2.601875,50.258751,P9KT98.AC_a_0,Q0134,25C,231207
0.72,1.62,0x9f,200,5.577158,179.30,2.380000,3.224375,0x0b,0x12,80.00,solid0x00,2.555625,52.194378,P9KT98.AC_a_0,Q0134,25C,231207
0.72,1.62,0x9f,200,5.577158,179.30,2.380000,3.224375,0x0b,0x12,80.00,solid0xff,2.495625,47.114998,P9KT98.AC_a_0,Q0134,25C,231207
0.72,1.62,0x9f,200,5.294755,188.87,2.360000,3.169375,0x0b,0x12,100.00,ckbd-0xaa,2.527500,51.043747,P9KT98.AC_a_0,Q0134,25C,231207
0.72,1.62,0x9f,200,5.294755,188.87,2.360000,3.169375,0x0b,0x12,100.00,solid0x00,2.462500,53.338123,P9KT98.AC_a_0,Q0134,25C,231207
0.72,1.62,0x9f,200,5.294755,188.87,2.360000,3.169375,0x0b,0x12,100.00,solid0xff,2.430000,47.478752,P9KT98.AC_a_0,Q0134,25C,231207
0.72,1.62,0x9f,200,5.041499,198.35,2.346250,3.188125,0x0b,0x16,20.00,ckbd-0xaa,2.738125,47.618126,P9KT98.AC_a_0,Q0134,25C,231207
0.72,1.62,0x9f,200,5.041499,198.35,2.346250,3.188125,0x0b,0x16,20.00,solid0x00,2.653125,48.419994,P9KT98.AC_a_0,Q0134,25C,231207
0.72,1.62,0x9f,200,5.041499,198.35,2.346250,3.188125,0x0b,0x16,20.00,solid0xff,2.560625,46.233749,P9KT98.AC_a_0,Q0134,25C,231207
0.72,1.62,0x9f,200,5.100598,196.06,2.311875,3.154375,0x0b,0x16,25.00,ckbd-0xaa,2.666250,48.171246,P9KT98.AC_a_0,Q0134,25C,231207
0.72,1.62,0x9f,200,5.100598,196.06,2.311875,3.154375,0x0b,0x16,25.00,solid0x00,2.611250,49.165627,P9KT98.AC_a_0,Q0134,25C,231207
0.72,1.62,0x9f,200,5.100598,196.06,2.311875,3.154375,0x0b,0x16,25.00,solid0xff,2.517500,46.424999,P9KT98.AC_a_0,Q0134,25C,231207
0.72,1.62,0x9f,200,4.838884,206.66,2.348750,3.175625,0x0b,0x16,40.00,ckbd-0xaa,2.648750,48.607502,P9KT98.AC_a_0,Q0134,25C,231207
0.72,1.62,0x9f,200,4.838884,206.66,2.348750,3.175625,0x0b,0x16,40.00,solid0x00,2.542500,51.055626,P9KT98.AC_a_0,Q0134,25C,231207
0.72,1.62,0x9f,200,4.838884,206.66,2.348750,3.175625,0x0b,0x16,40.00,solid0xff,2.507500,46.412498,P9KT98.AC_a_0,Q0134,25C,231207
0.72,1.62,0x9f,200,4.908809,203.72,2.328750,3.178750,0x0b,0x16,60.00,ckbd-0xaa,2.556875,50.143749,P9KT98.AC_a_0,Q0134,25C,231207
0.72,1.62,0x9f,200,4.908809,203.72,2.328750,3.178750,0x0b,0x16,60.00,solid0x00,2.525625,52.346252,P9KT98.AC_a_0,Q0134,25C,231207
0.72,1.62,0x9f,200,4.908809,203.72,2.328750,3.178750,0x0b,0x16,60.00,solid0xff,2.476875,47.203754,P9KT98.AC_a_0,Q0134,25C,231207
0.72,1.62,0x9f,200,5.258849,190.16,2.368125,3.187500,0x0b,0x16,80.00,ckbd-0xaa,2.538125,50.574375,P9KT98.AC_a_0,Q0134,25C,231207
0.72,1.62,0x9f,200,5.258849,190.16,2.368125,3.187500,0x0b,0x16,80.00,solid0x00,2.533125,53.775002,P9KT98.AC_a_0,Q0134,25C,231207
0.72,1.62,0x9f,200,5.258849,190.16,2.368125,3.187500,0x0b,0x16,80.00,solid0xff,2.488125,47.232498,P9KT98.AC_a_0,Q0134,25C,231207
0.72,1.62,0x9f,200,5.027911,198.89,2.334375,3.213125,0x0b,0x16,100.00,ckbd-0xaa,2.585000,51.718128,P9KT98.AC_a_0,Q0134,25C,231207
0.72,1.62,0x9f,200,5.027911,198.89,2.334375,3.213125,0x0b,0x16,100.00,solid0x00,2.543750,54.015625,P9KT98.AC_a_0,Q0134,25C,231207
0.72,1.62,0x9f,200,5.027911,198.89,2.334375,3.213125,0x0b,0x16,100.00,solid0xff,2.505000,47.834999,P9KT98.AC_a_0,Q0134,25C,231207
0.72,1.62,0x9f,200,4.689729,213.23,2.365625,3.201250,0x0b,0x18,20.00,ckbd-0xaa,2.665625,47.771248,P9KT98.AC_a_0,Q0134,25C,231207
0.72,1.62,0x9f,200,4.689729,213.23,2.365625,3.201250,0x0b,0x18,20.00,solid0x00,2.645000,49.064999,P9KT98.AC_a_0,Q0134,25C,231207
0.72,1.62,0x9f,200,4.689729,213.23,2.365625,3.201250,0x0b,0x18,20.00,solid0xff,2.505625,46.508751,P9KT98.AC_a_0,Q0134,25C,231207
0.72,1.62,0x9f,200,5.019294,199.23,2.363125,3.197500,0x0b,0x18,25.00,ckbd-0xaa,2.648125,48.413754,P9KT98.AC_a_0,Q0134,25C,231207
0.72,1.62,0x9f,200,5.019294,199.23,2.363125,3.197500,0x0b,0x18,25.00,solid0x00,2.603750,48.897499,P9KT98.AC_a_0,Q0134,25C,231207
0.72,1.62,0x9f,200,5.019294,199.23,2.363125,3.197500,0x0b,0x18,25.00,solid0xff,2.523125,46.693127,P9KT98.AC_a_0,Q0134,25C,231207
0.72,1.62,0x9f,200,4.917833,203.34,2.316875,3.171875,0x0b,0x18,40.00,ckbd-0xaa,2.641875,49.817497,P9KT98.AC_a_0,Q0134,25C,231207
0.72,1.62,0x9f,200,4.917833,203.34,2.316875,3.171875,0x0b,0x18,40.00,solid0x00,2.595625,50.426876,P9KT98.AC_a_0,Q0134,25C,231207
0.72,1.62,0x9f,200,4.917833,203.34,2.316875,3.171875,0x0b,0x18,40.00,solid0xff,2.504375,47.233128,P9KT98.AC_a_0,Q0134,25C,231207
0.72,1.62,0x9f,200,5.130777,194.90,2.347500,3.216876,0x0b,0x18,60.00,ckbd-0xaa,2.548125,50.596878,P9KT98.AC_a_0,Q0134,25C,231207
0.72,1.62,0x9f,200,5.130777,194.90,2.347500,3.216876,0x0b,0x18,60.00,solid0x00,2.466250,53.145000,P9KT98.AC_a_0,Q0134,25C,231207
0.72,1.62,0x9f,200,5.130777,194.90,2.347500,3.216876,0x0b,0x18,60.00,solid0xff,2.447500,47.483746,P9KT98.AC_a_0,Q0134,25C,231207
0.72,1.62,0x9f,200,5.012698,199.49,2.351875,3.168125,0x0b,0x18,80.00,ckbd-0xaa,2.574375,51.047501,P9KT98.AC_a_0,Q0134,25C,231207
0.72,1.62,0x9f,200,5.012698,199.49,2.351875,3.168125,0x0b,0x18,80.00,solid0x00,2.530625,53.491249,P9KT98.AC_a_0,Q0134,25C,231207
0.72,1.62,0x9f,200,5.012698,199.49,2.351875,3.168125,0x0b,0x18,80.00,solid0xff,2.487500,47.640629,P9KT98.AC_a_0,Q0134,25C,231207
0.72,1.62,0x9f,200,5.013382,199.47,2.300000,3.170000,0x0b,0x18,100.00,ckbd-0xaa,2.589375,52.768757,P9KT98.AC_a_0,Q0134,25C,231207
0.72,1.62,0x9f,200,5.013382,199.47,2.300000,3.170000,0x0b,0x18,100.00,solid0x00,2.544375,54.295624,P9KT98.AC_a_0,Q0134,25C,231207
0.72,1.62,0x9f,200,5.013382,199.47,2.300000,3.170000,0x0b,0x18,100.00,solid0xff,2.515625,48.411251,P9KT98.AC_a_0,Q0134,25C,231207
0.80,1.80,0x9f,200,5.062639,197.53,2.668125,3.825000,0x0b,0x12,20.00,ckbd-0xaa,3.066250,58.066875,P9KT98.AC_a_0,Q0134,25C,231207
0.80,1.80,0x9f,200,5.062639,197.53,2.668125,3.825000,0x0b,0x12,20.00,solid0x00,2.982500,59.493752,P9KT98.AC_a_0,Q0134,25C,231207
0.80,1.80,0x9f,200,5.062639,197.53,2.668125,3.825000,0x0b,0x12,20.00,solid0xff,2.896875,56.804375,P9KT98.AC_a_0,Q0134,25C,231207
0.80,1.80,0x9f,200,5.069965,197.24,2.676250,3.820625,0x0b,0x12,25.00,ckbd-0xaa,3.054375,58.750622,P9KT98.AC_a_0,Q0134,25C,231207
0.80,1.80,0x9f,200,5.069965,197.24,2.676250,3.820625,0x0b,0x12,25.00,solid0x00,3.005625,59.629997,P9KT98.AC_a_0,Q0134,25C,231207
0.80,1.80,0x9f,200,5.069965,197.24,2.676250,3.820625,0x0b,0x12,25.00,solid0xff,2.898750,57.118752,P9KT98.AC_a_0,Q0134,25C,231207
0.80,1.80,0x9f,200,5.086215,196.61,2.661250,3.819375,0x0b,0x12,40.00,ckbd-0xaa,3.028750,60.174370,P9KT98.AC_a_0,Q0134,25C,231207
0.80,1.80,0x9f,200,5.086215,196.61,2.661250,3.819375,0x0b,0x12,40.00,solid0x00,2.917500,61.446877,P9KT98.AC_a_0,Q0134,25C,231207
0.80,1.80,0x9f,200,5.086215,196.61,2.661250,3.819375,0x0b,0x12,40.00,solid0xff,2.821250,57.785625,P9KT98.AC_a_0,Q0134,25C,231207
0.80,1.80,0x9f,200,5.053110,197.90,2.661875,3.852500,0x0b,0x12,60.00,ckbd-0xaa,2.999375,61.071251,P9KT98.AC_a_0,Q0134,25C,231207
0.80,1.80,0x9f,200,5.053110,197.90,2.661875,3.852500,0x0b,0x12,60.00,solid0x00,2.932500,62.787498,P9KT98.AC_a_0,Q0134,25C,231207
0.80,1.80,0x9f,200,5.053110,197.90,2.661875,3.852500,0x0b,0x12,60.00,solid0xff,2.868750,57.959373,P9KT98.AC_a_0,Q0134,25C,231207
0.80,1.80,0x9f,200,5.061131,197.58,2.647500,3.788750,0x0b,0x12,80.00,ckbd-0xaa,2.860625,61.850628,P9KT98.AC_a_0,Q0134,25C,231207
0.80,1.80,0x9f,200,5.061131,197.58,2.647500,3.788750,0x0b,0x12,80.00,solid0x00,2.816875,63.791870,P9KT98.AC_a_0,Q0134,25C,231207
0.80,1.80,0x9f,200,5.061131,197.58,2.647500,3.788750,0x0b,0x12,80.00,solid0xff,2.785625,58.564381,P9KT98.AC_a_0,Q0134,25C,231207
0.80,1.80,0x9f,200,5.030694,198.78,2.585000,3.832500,0x0b,0x12,100.00,ckbd-0xaa,2.906250,62.203125,P9KT98.AC_a_0,Q0134,25C,231207
0.80,1.80,0x9f,200,5.030694,198.78,2.585000,3.832500,0x0b,0x12,100.00,solid0x00,2.843125,64.487503,P9KT98.AC_a_0,Q0134,25C,231207
0.80,1.80,0x9f,200,5.030694,198.78,2.585000,3.832500,0x0b,0x12,100.00,solid0xff,2.811875,58.772503,P9KT98.AC_a_0,Q0134,25C,231207
0.80,1.80,0x9f,200,5.040133,198.41,2.660000,3.836250,0x0b,0x16,20.00,ckbd-0xaa,3.087500,59.000008,P9KT98.AC_a_0,Q0134,25C,231207
0.80,1.80,0x9f,200,5.040133,198.41,2.660000,3.836250,0x0b,0x16,20.00,solid0x00,2.994375,60.009998,P9KT98.AC_a_0,Q0134,25C,231207
0.80,1.80,0x9f,200,5.040133,198.41,2.660000,3.836250,0x0b,0x16,20.00,solid0xff,2.893750,57.391247,P9KT98.AC_a_0,Q0134,25C,231207
0.80,1.80,0x9f,200,5.057213,197.74,2.662500,3.823125,0x0b,0x16,25.00,ckbd-0xaa,3.034375,59.673748,P9KT98.AC_a_0,Q0134,25C,231207
0.80,1.80,0x9f,200,5.057213,197.74,2.662500,3.823125,0x0b,0x16,25.00,solid0x00,2.974375,59.935627,P9KT98.AC_a_0,Q0134,25C,231207
0.80,1.80,0x9f,200,5.057213,197.74,2.662500,3.823125,0x0b,0x16,25.00,solid0xff,2.906875,57.750629,P9KT98.AC_a_0,Q0134,25C,231207
0.80,1.80,0x9f,200,5.051434,197.96,2.661875,3.833750,0x0b,0x16,40.00,ckbd-0xaa,2.935000,60.469372,P9KT98.AC_a_0,Q0134,25C,231207
0.80,1.80,0x9f,200,5.051434,197.96,2.661875,3.833750,0x0b,0x16,40.00,solid0x00,2.912500,62.464375,P9KT98.AC_a_0,Q0134,25C,231207
0.80,1.80,0x9f,200,5.051434,197.96,2.661875,3.833750,0x0b,0x16,40.00,solid0xff,2.832500,57.961250,P9KT98.AC_a_0,Q0134,25C,231207
0.80,1.80,0x9f,200,5.044883,198.22,2.651875,3.856250,0x0b,0x16,60.00,ckbd-0xaa,2.943125,61.539375,P9KT98.AC_a_0,Q0134,25C,231207
0.80,1.80,0x9f,200,5.044883,198.22,2.651875,3.856250,0x0b,0x16,60.00,solid0x00,2.875000,64.704369,P9KT98.AC_a_0,Q0134,25C,231207
0.80,1.80,0x9f,200,5.044883,198.22,2.651875,3.856250,0x0b,0x16,60.00,solid0xff,2.850625,58.463123,P9KT98.AC_a_0,Q0134,25C,231207
0.80,1.80,0x9f,200,5.017311,199.31,2.633750,3.828750,0x0b,0x16,80.00,ckbd-0xaa,2.868125,61.209373,P9KT98.AC_a_0,Q0134,25C,231207
0.80,1.80,0x9f,200,5.017311,199.31,2.633750,3.828750,0x0b,0x16,80.00,solid0x00,2.841875,64.541252,P9KT98.AC_a_0,Q0134,25C,231207
0.80,1.80,0x9f,200,5.017311,199.31,2.633750,3.828750,0x0b,0x16,80.00,solid0xff,2.806250,58.147499,P9KT98.AC_a_0,Q0134,25C,231207
0.80,1.80,0x9f,200,5.022809,199.09,2.658750,3.825625,0x0b,0x16,100.00,ckbd-0xaa,2.840625,63.071877,P9KT98.AC_a_0,Q0134,25C,231207
0.80,1.80,0x9f,200,5.022809,199.09,2.658750,3.825625,0x0b,0x16,100.00,solid0x00,2.825000,64.774994,P9KT98.AC_a_0,Q0134,25C,231207
0.80,1.80,0x9f,200,5.022809,199.09,2.658750,3.825625,0x0b,0x16,100.00,solid0xff,2.773125,58.988121,P9KT98.AC_a_0,Q0134,25C,231207
0.80,1.80,0x9f,200,5.038613,198.47,2.628125,3.794375,0x0b,0x18,20.00,ckbd-0xaa,3.070625,59.092506,P9KT98.AC_a_0,Q0134,25C,231207
0.80,1.80,0x9f,200,5.038613,198.47,2.628125,3.794375,0x0b,0x18,20.00,solid0x00,2.988750,59.939373,P9KT98.AC_a_0,Q0134,25C,231207
0.80,1.80,0x9f,200,5.038613,198.47,2.628125,3.794375,0x0b,0x18,20.00,solid0xff,2.896875,57.508751,P9KT98.AC_a_0,Q0134,25C,231207
0.80,1.80,0x9f,200,5.036677,198.54,2.653750,3.828125,0x0b,0x18,25.00,ckbd-0xaa,3.085000,59.756248,P9KT98.AC_a_0,Q0134,25C,231207
0.80,1.80,0x9f,200,5.036677,198.54,2.653750,3.828125,0x0b,0x18,25.00,solid0x00,3.003125,60.206871,P9KT98.AC_a_0,Q0134,25C,231207
0.80,1.80,0x9f,200,5.036677,198.54,2.653750,3.828125,0x0b,0x18,25.00,solid0xff,2.902500,57.820000,P9KT98.AC_a_0,Q0134,25C,231207
0.80,1.80,0x9f,200,5.056892,197.75,2.649375,3.788125,0x0b,0x18,40.00,ckbd-0xaa,2.991875,60.721245,P9KT98.AC_a_0,Q0134,25C,231207
0.80,1.80,0x9f,200,5.056892,197.75,2.649375,3.788125,0x0b,0x18,40.00,solid0x00,2.914375,63.288128,P9KT98.AC_a_0,Q0134,25C,231207
0.80,1.80,0x9f,200,5.056892,197.75,2.649375,3.788125,0x0b,0x18,40.00,solid0xff,2.840000,58.167500,P9KT98.AC_a_0,Q0134,25C,231207
0.80,1.80,0x9f,200,5.052253,197.93,2.630625,3.823125,0x0b,0x18,60.00,ckbd-0xaa,2.886250,62.250000,P9KT98.AC_a_0,Q0134,25C,231207
0.80,1.80,0x9f,200,5.052253,197.93,2.630625,3.823125,0x0b,0x18,60.00,solid0x00,2.866875,63.979378,P9KT98.AC_a_0,Q0134,25C,231207
0.80,1.80,0x9f,200,5.052253,197.93,2.630625,3.823125,0x0b,0x18,60.00,solid0xff,2.851250,58.779369,P9KT98.AC_a_0,Q0134,25C,231207
0.80,1.80,0x9f,200,5.036541,198.55,2.690000,3.799375,0x0b,0x18,80.00,ckbd-0xaa,2.890000,63.430622,P9KT98.AC_a_0,Q0134,25C,231207
0.80,1.80,0x9f,200,5.036541,198.55,2.690000,3.799375,0x0b,0x18,80.00,solid0x00,2.861250,65.258125,P9KT98.AC_a_0,Q0134,25C,231207
0.80,1.80,0x9f,200,5.036541,198.55,2.690000,3.799375,0x0b,0x18,80.00,solid0xff,2.783750,59.279999,P9KT98.AC_a_0,Q0134,25C,231207
0.80,1.80,0x9f,200,5.012920,199.48,2.632500,3.815625,0x0b,0x18,100.00,ckbd-0xaa,2.871250,62.748749,P9KT98.AC_a_0,Q0134,25C,231207
0.80,1.80,0x9f,200,5.012920,199.48,2.632500,3.815625,0x0b,0x18,100.00,solid0x00,2.837500,66.065620,P9KT98.AC_a_0,Q0134,25C,231207
0.80,1.80,0x9f,200,5.012920,199.48,2.632500,3.815625,0x0b,0x18,100.00,solid0xff,2.796875,58.949379,P9KT98.AC_a_0,Q0134,25C,231207
0.88,1.98,0x9f,200,5.143661,194.41,3.006250,4.503125,0x0b,0x12,20.00,ckbd-0xaa,3.476250,69.821251,P9KT98.AC_a_0,Q0134,25C,231207
0.88,1.98,0x9f,200,5.143661,194.41,3.006250,4.503125,0x0b,0x12,20.00,solid0x00,3.343125,70.391876,P9KT98.AC_a_0,Q0134,25C,231207
0.88,1.98,0x9f,200,5.143661,194.41,3.006250,4.503125,0x0b,0x12,20.00,solid0xff,3.273750,68.229370,P9KT98.AC_a_0,Q0134,25C,231207
0.88,1.98,0x9f,200,5.134217,194.77,3.011250,4.496875,0x0b,0x12,25.00,ckbd-0xaa,3.463125,69.776253,P9KT98.AC_a_0,Q0134,25C,231207
0.88,1.98,0x9f,200,5.134217,194.77,3.011250,4.496875,0x0b,0x12,25.00,solid0x00,3.381250,70.799995,P9KT98.AC_a_0,Q0134,25C,231207
0.88,1.98,0x9f,200,5.134217,194.77,3.011250,4.496875,0x0b,0x12,25.00,solid0xff,3.273750,68.083740,P9KT98.AC_a_0,Q0134,25C,231207
0.88,1.98,0x9f,200,5.158426,193.86,3.019375,4.495000,0x0b,0x12,40.00,ckbd-0xaa,3.459375,70.881248,P9KT98.AC_a_0,Q0134,25C,231207
0.88,1.98,0x9f,200,5.158426,193.86,3.019375,4.495000,0x0b,0x12,40.00,solid0x00,3.380000,72.523125,P9KT98.AC_a_0,Q0134,25C,231207
0.88,1.98,0x9f,200,5.158426,193.86,3.019375,4.495000,0x0b,0x12,40.00,solid0xff,3.330000,68.611252,P9KT98.AC_a_0,Q0134,25C,231207
0.88,1.98,0x9f,200,5.133217,194.81,3.003750,4.492500,0x0b,0x12,60.00,ckbd-0xaa,3.326250,71.726875,P9KT98.AC_a_0,Q0134,25C,231207
0.88,1.98,0x9f,200,5.133217,194.81,3.003750,4.492500,0x0b,0x12,60.00,solid0x00,3.223750,73.677498,P9KT98.AC_a_0,Q0134,25C,231207
0.88,1.98,0x9f,200,5.133217,194.81,3.003750,4.492500,0x0b,0x12,60.00,solid0xff,3.187500,68.912498,P9KT98.AC_a_0,Q0134,25C,231207
0.88,1.98,0x9f,200,5.125603,195.10,2.975625,4.491875,0x0b,0x12,80.00,ckbd-0xaa,3.273750,72.664375,P9KT98.AC_a_0,Q0134,25C,231207
0.88,1.98,0x9f,200,5.125603,195.10,2.975625,4.491875,0x0b,0x12,80.00,solid0x00,3.245000,74.642502,P9KT98.AC_a_0,Q0134,25C,231207
0.88,1.98,0x9f,200,5.125603,195.10,2.975625,4.491875,0x0b,0x12,80.00,solid0xff,3.154375,69.395004,P9KT98.AC_a_0,Q0134,25C,231207
0.88,1.98,0x9f,200,5.152749,194.07,2.994375,4.495000,0x0b,0x12,100.00,ckbd-0xaa,3.290625,73.020004,P9KT98.AC_a_0,Q0134,25C,231207
0.88,1.98,0x9f,200,5.152749,194.07,2.994375,4.495000,0x0b,0x12,100.00,solid0x00,3.198125,76.503128,P9KT98.AC_a_0,Q0134,25C,231207
0.88,1.98,0x9f,200,5.152749,194.07,2.994375,4.495000,0x0b,0x12,100.00,solid0xff,3.186250,69.172501,P9KT98.AC_a_0,Q0134,25C,231207
0.88,1.98,0x9f,200,5.135085,194.74,2.978750,4.478125,0x0b,0x16,20.00,ckbd-0xaa,3.540000,70.075623,P9KT98.AC_a_0,Q0134,25C,231207
0.88,1.98,0x9f,200,5.135085,194.74,2.978750,4.478125,0x0b,0x16,20.00,solid0x00,3.414375,70.702499,P9KT98.AC_a_0,Q0134,25C,231207
0.88,1.98,0x9f,200,5.135085,194.74,2.978750,4.478125,0x0b,0x16,20.00,solid0xff,3.289375,68.484375,P9KT98.AC_a_0,Q0134,25C,231207
0.88,1.98,0x9f,200,5.133671,194.79,2.953125,4.473750,0x0b,0x16,25.00,ckbd-0xaa,3.386250,70.579369,P9KT98.AC_a_0,Q0134,25C,231207
0.88,1.98,0x9f,200,5.133671,194.79,2.953125,4.473750,0x0b,0x16,25.00,solid0x00,3.285625,71.321877,P9KT98.AC_a_0,Q0134,25C,231207
0.88,1.98,0x9f,200,5.133671,194.79,2.953125,4.473750,0x0b,0x16,25.00,solid0xff,3.241250,68.601242,P9KT98.AC_a_0,Q0134,25C,231207
0.88,1.98,0x9f,200,5.130460,194.91,2.946250,4.456875,0x0b,0x16,40.00,ckbd-0xaa,3.414375,70.950623,P9KT98.AC_a_0,Q0134,25C,231207
0.88,1.98,0x9f,200,5.130460,194.91,2.946250,4.456875,0x0b,0x16,40.00,solid0x00,3.309375,73.667496,P9KT98.AC_a_0,Q0134,25C,231207
0.88,1.98,0x9f,200,5.130460,194.91,2.946250,4.456875,0x0b,0x16,40.00,solid0xff,3.253750,68.651871,P9KT98.AC_a_0,Q0134,25C,231207
0.88,1.98,0x9f,200,5.138990,194.59,3.021875,4.522500,0x0b,0x16,60.00,ckbd-0xaa,3.376875,73.306252,P9KT98.AC_a_0,Q0134,25C,231207
0.88,1.98,0x9f,200,5.138990,194.59,3.021875,4.522500,0x0b,0x16,60.00,solid0x00,3.291250,75.131248,P9KT98.AC_a_0,Q0134,25C,231207
0.88,1.98,0x9f,200,5.138990,194.59,3.021875,4.522500,0x0b,0x16,60.00,solid0xff,3.245625,69.729996,P9KT98.AC_a_0,Q0134,25C,231207
0.88,1.98,0x9f,200,5.125265,195.11,2.938750,4.472500,0x0b,0x16,80.00,ckbd-0xaa,3.351250,72.338745,P9KT98.AC_a_0,Q0134,25C,231207
0.88,1.98,0x9f,200,5.125265,195.11,2.938750,4.472500,0x0b,0x16,80.00,solid0x00,3.318125,76.696877,P9KT98.AC_a_0,Q0134,25C,231207
0.88,1.98,0x9f,200,5.125265,195.11,2.938750,4.472500,0x0b,0x16,80.00,solid0xff,3.294375,69.377502,P9KT98.AC_a_0,Q0134,25C,231207
0.88,1.98,0x9f,200,5.132179,194.85,2.981875,4.470625,0x0b,0x16,100.00,ckbd-0xaa,3.247500,73.433121,P9KT98.AC_a_0,Q0134,25C,231207
0.88,1.98,0x9f,200,5.132179,194.85,2.981875,4.470625,0x0b,0x16,100.00,solid0x00,3.187500,76.689377,P9KT98.AC_a_0,Q0134,25C,231207
0.88,1.98,0x9f,200,5.132179,194.85,2.981875,4.470625,0x0b,0x16,100.00,solid0xff,3.155000,69.333755,P9KT98.AC_a_0,Q0134,25C,231207
0.88,1.98,0x9f,200,5.155499,193.97,2.977500,4.507500,0x0b,0x18,20.00,ckbd-0xaa,3.476875,70.476242,P9KT98.AC_a_0,Q0134,25C,231207
0.88,1.98,0x9f,200,5.155499,193.97,2.977500,4.507500,0x0b,0x18,20.00,solid0x00,3.359375,71.362495,P9KT98.AC_a_0,Q0134,25C,231207
0.88,1.98,0x9f,200,5.155499,193.97,2.977500,4.507500,0x0b,0x18,20.00,solid0xff,3.279375,68.771873,P9KT98.AC_a_0,Q0134,25C,231207
0.88,1.98,0x9f,200,5.139268,194.58,2.995625,4.482500,0x0b,0x18,25.00,ckbd-0xaa,3.488125,70.864998,P9KT98.AC_a_0,Q0134,25C,231207
0.88,1.98,0x9f,200,5.139268,194.58,2.995625,4.482500,0x0b,0x18,25.00,solid0x00,3.365625,71.370621,P9KT98.AC_a_0,Q0134,25C,231207
0.88,1.98,0x9f,200,5.139268,194.58,2.995625,4.482500,0x0b,0x18,25.00,solid0xff,3.255000,68.868752,P9KT98.AC_a_0,Q0134,25C,231207
0.88,1.98,0x9f,200,5.129737,194.94,3.024375,4.522500,0x0b,0x18,40.00,ckbd-0xaa,3.435000,71.731255,P9KT98.AC_a_0,Q0134,25C,231207
0.88,1.98,0x9f,200,5.129737,194.94,3.024375,4.522500,0x0b,0x18,40.00,solid0x00,3.318750,74.448746,P9KT98.AC_a_0,Q0134,25C,231207
0.88,1.98,0x9f,200,5.129737,194.94,3.024375,4.522500,0x0b,0x18,40.00,solid0xff,3.232500,69.082497,P9KT98.AC_a_0,Q0134,25C,231207
0.88,1.98,0x9f,200,5.126865,195.05,3.018125,4.498750,0x0b,0x18,60.00,ckbd-0xaa,3.355000,72.837502,P9KT98.AC_a_0,Q0134,25C,231207
0.88,1.98,0x9f,200,5.126865,195.05,3.018125,4.498750,0x0b,0x18,60.00,solid0x00,3.288750,74.991875,P9KT98.AC_a_0,Q0134,25C,231207
0.88,1.98,0x9f,200,5.126865,195.05,3.018125,4.498750,0x0b,0x18,60.00,solid0xff,3.228125,69.451248,P9KT98.AC_a_0,Q0134,25C,231207
0.88,1.98,0x9f,200,5.128870,194.97,2.901875,4.471250,0x0b,0x18,80.00,ckbd-0xaa,3.296250,73.943123,P9KT98.AC_a_0,Q0134,25C,231207
0.88,1.98,0x9f,200,5.128870,194.97,2.901875,4.471250,0x0b,0x18,80.00,solid0x00,3.211250,75.824371,P9KT98.AC_a_0,Q0134,25C,231207
0.88,1.98,0x9f,200,5.128870,194.97,2.901875,4.471250,0x0b,0x18,80.00,solid0xff,3.143125,70.084999,P9KT98.AC_a_0,Q0134,25C,231207
0.88,1.98,0x9f,200,5.133182,194.81,2.987500,4.524375,0x0b,0x18,100.00,ckbd-0xaa,3.302500,73.769997,P9KT98.AC_a_0,Q0134,25C,231207
0.88,1.98,0x9f,200,5.133182,194.81,2.987500,4.524375,0x0b,0x18,100.00,solid0x00,3.258750,77.272499,P9KT98.AC_a_0,Q0134,25C,231207
0.88,1.98,0x9f,200,5.133182,194.81,2.987500,4.524375,0x0b,0x18,100.00,solid0xff,3.241250,69.588745,P9KT98.AC_a_0,Q0134,25C,231207
0.72,1.62,0x9f,200,4.948625,202.08,2.351250,3.316875,0x0b,0x12,20.00,ckbd-0xaa,2.754375,46.253750,P9KT98.AC_a_0,Q0128,25C,231207
0.72,1.62,0x9f,200,4.948625,202.08,2.351250,3.316875,0x0b,0x12,20.00,solid0x00,2.648125,46.885628,P9KT98.AC_a_0,Q0128,25C,231207
0.72,1.62,0x9f,200,4.948625,202.08,2.351250,3.316875,0x0b,0x12,20.00,solid0xff,2.608750,44.891247,P9KT98.AC_a_0,Q0128,25C,231207
0.72,1.62,0x9f,200,4.976168,200.96,2.383125,3.302500,0x0b,0x12,25.00,ckbd-0xaa,2.669375,46.875629,P9KT98.AC_a_0,Q0128,25C,231207
0.72,1.62,0x9f,200,4.976168,200.96,2.383125,3.302500,0x0b,0x12,25.00,solid0x00,2.628750,47.781246,P9KT98.AC_a_0,Q0128,25C,231207
0.72,1.62,0x9f,200,4.976168,200.96,2.383125,3.302500,0x0b,0x12,25.00,solid0xff,2.555000,45.246880,P9KT98.AC_a_0,Q0128,25C,231207
0.72,1.62,0x9f,200,4.946342,202.17,2.396875,3.322500,0x0b,0x12,40.00,ckbd-0xaa,2.681875,48.133751,P9KT98.AC_a_0,Q0128,25C,231207
0.72,1.62,0x9f,200,4.946342,202.17,2.396875,3.322500,0x0b,0x12,40.00,solid0x00,2.590625,49.371250,P9KT98.AC_a_0,Q0128,25C,231207
0.72,1.62,0x9f,200,4.946342,202.17,2.396875,3.322500,0x0b,0x12,40.00,solid0xff,2.546875,45.652504,P9KT98.AC_a_0,Q0128,25C,231207
0.72,1.62,0x9f,200,4.971159,201.16,2.388125,3.334375,0x0b,0x12,60.00,ckbd-0xaa,2.652500,48.451248,P9KT98.AC_a_0,Q0128,25C,231207
0.72,1.62,0x9f,200,4.971159,201.16,2.388125,3.334375,0x0b,0x12,60.00,solid0x00,2.574375,50.446877,P9KT98.AC_a_0,Q0128,25C,231207
0.72,1.62,0x9f,200,4.971159,201.16,2.388125,3.334375,0x0b,0x12,60.00,solid0xff,2.526875,45.825626,P9KT98.AC_a_0,Q0128,25C,231207
0.72,1.62,0x9f,200,4.962880,201.50,2.389375,3.320000,0x0b,0x12,80.00,ckbd-0xaa,2.633125,49.175625,P9KT98.AC_a_0,Q0128,25C,231207
0.72,1.62,0x9f,200,4.962880,201.50,2.389375,3.320000,0x0b,0x12,80.00,solid0x00,2.570625,51.307503,P9KT98.AC_a_0,Q0128,25C,231207
0.72,1.62,0x9f,200,4.962880,201.50,2.389375,3.320000,0x0b,0x12,80.00,solid0xff,2.535000,46.090626,P9KT98.AC_a_0,Q0128,25C,231207
0.72,1.62,0x9f,200,4.959371,201.64,2.383750,3.301250,0x0b,0x12,100.00,ckbd-0xaa,2.588750,49.810631,P9KT98.AC_a_0,Q0128,25C,231207
0.72,1.62,0x9f,200,4.959371,201.64,2.383750,3.301250,0x0b,0x12,100.00,solid0x00,2.536250,52.035625,P9KT98.AC_a_0,Q0128,25C,231207
0.72,1.62,0x9f,200,4.959371,201.64,2.383750,3.301250,0x0b,0x12,100.00,solid0xff,2.539375,46.153130,P9KT98.AC_a_0,Q0128,25C,231207
0.72,1.62,0x9f,200,4.941937,202.35,2.383750,3.301250,0x0b,0x16,20.00,ckbd-0xaa,2.761250,46.946251,P9KT98.AC_a_0,Q0128,25C,231207
0.72,1.62,0x9f,200,4.941937,202.35,2.383750,3.301250,0x0b,0x16,20.00,solid0x00,2.640625,47.119377,P9KT98.AC_a_0,Q0128,25C,231207
0.72,1.62,0x9f,200,4.941937,202.35,2.383750,3.301250,0x0b,0x16,20.00,solid0xff,2.586875,45.511875,P9KT98.AC_a_0,Q0128,25C,231207
0.72,1.62,0x9f,200,4.951174,201.97,2.381250,3.276250,0x0b,0x16,25.00,ckbd-0xaa,2.714375,47.484997,P9KT98.AC_a_0,Q0128,25C,231207
0.72,1.62,0x9f,200,4.951174,201.97,2.381250,3.276250,0x0b,0x16,25.00,solid0x00,2.671875,48.486252,P9KT98.AC_a_0,Q0128,25C,231207
0.72,1.62,0x9f,200,4.951174,201.97,2.381250,3.276250,0x0b,0x16,25.00,solid0xff,2.605000,45.685631,P9KT98.AC_a_0,Q0128,25C,231207
0.72,1.62,0x9f,200,4.932229,202.75,2.418750,3.308750,0x0b,0x16,40.00,ckbd-0xaa,2.671875,48.645626,P9KT98.AC_a_0,Q0128,25C,231207
0.72,1.62,0x9f,200,4.932229,202.75,2.418750,3.308750,0x0b,0x16,40.00,solid0x00,2.632500,50.198124,P9KT98.AC_a_0,Q0128,25C,231207
0.72,1.62,0x9f,200,4.932229,202.75,2.418750,3.308750,0x0b,0x16,40.00,solid0xff,2.555000,45.878124,P9KT98.AC_a_0,Q0128,25C,231207
0.72,1.62,0x9f,200,4.939391,202.45,2.365625,3.302500,0x0b,0x16,60.00,ckbd-0xaa,2.640625,49.829380,P9KT98.AC_a_0,Q0128,25C,231207
0.72,1.62,0x9f,200,4.939391,202.45,2.365625,3.302500,0x0b,0x16,60.00,solid0x00,2.558125,51.261253,P9KT98.AC_a_0,Q0128,25C,231207
0.72,1.62,0x9f,200,4.939391,202.45,2.365625,3.302500,0x0b,0x16,60.00,solid0xff,2.513125,46.503750,P9KT98.AC_a_0,Q0128,25C,231207
0.72,1.62,0x9f,200,4.936604,202.57,2.402500,3.347500,0x0b,0x16,80.00,ckbd-0xaa,2.690000,50.521873,P9KT98.AC_a_0,Q0128,25C,231207
0.72,1.62,0x9f,200,4.936604,202.57,2.402500,3.347500,0x0b,0x16,80.00,solid0x00,2.623750,51.707500,P9KT98.AC_a_0,Q0128,25C,231207
0.72,1.62,0x9f,200,4.936604,202.57,2.402500,3.347500,0x0b,0x16,80.00,solid0xff,2.608750,46.734375,P9KT98.AC_a_0,Q0128,25C,231207
0.72,1.62,0x9f,200,4.927000,202.96,2.404375,3.314375,0x0b,0x16,100.00,ckbd-0xaa,2.631250,50.003120,P9KT98.AC_a_0,Q0128,25C,231207
0.72,1.62,0x9f,200,4.927000,202.96,2.404375,3.314375,0x0b,0x16,100.00,solid0x00,2.581875,53.773121,P9KT98.AC_a_0,Q0128,25C,231207
0.72,1.62,0x9f,200,4.927000,202.96,2.404375,3.314375,0x0b,0x16,100.00,solid0xff,2.531250,46.159370,P9KT98.AC_a_0,Q0128,25C,231207
0.72,1.62,0x9f,200,4.927293,202.95,2.401875,3.332500,0x0b,0x18,20.00,ckbd-0xaa,2.755000,46.813126,P9KT98.AC_a_0,Q0128,25C,231207
0.72,1.62,0x9f,200,4.927293,202.95,2.401875,3.332500,0x0b,0x18,20.00,solid0x00,2.613125,47.553123,P9KT98.AC_a_0,Q0128,25C,231207
0.72,1.62,0x9f,200,4.927293,202.95,2.401875,3.332500,0x0b,0x18,20.00,solid0xff,2.572500,45.335003,P9KT98.AC_a_0,Q0128,25C,231207
0.72,1.62,0x9f,200,4.954531,201.84,2.403750,3.310625,0x0b,0x18,25.00,ckbd-0xaa,2.690625,47.550003,P9KT98.AC_a_0,Q0128,25C,231207
0.72,1.62,0x9f,200,4.954531,201.84,2.403750,3.310625,0x0b,0x18,25.00,solid0x00,2.643125,48.913750,P9KT98.AC_a_0,Q0128,25C,231207
0.72,1.62,0x9f,200,4.954531,201.84,2.403750,3.310625,0x0b,0x18,25.00,solid0xff,2.556250,45.626251,P9KT98.AC_a_0,Q0128,25C,231207
0.72,1.62,0x9f,200,4.943684,202.28,2.400625,3.314375,0x0b,0x18,40.00,ckbd-0xaa,2.686250,48.787498,P9KT98.AC_a_0,Q0128,25C,231207
0.72,1.62,0x9f,200,4.943684,202.28,2.400625,3.314375,0x0b,0x18,40.00,solid0x00,2.626250,50.318752,P9KT98.AC_a_0,Q0128,25C,231207
0.72,1.62,0x9f,200,4.943684,202.28,2.400625,3.314375,0x0b,0x18,40.00,solid0xff,2.550625,46.135628,P9KT98.AC_a_0,Q0128,25C,231207
0.72,1.62,0x9f,200,4.948633,202.08,2.388750,3.330000,0x0b,0x18,60.00,ckbd-0xaa,2.615625,50.180000,P9KT98.AC_a_0,Q0128,25C,231207
0.72,1.62,0x9f,200,4.948633,202.08,2.388750,3.330000,0x0b,0x18,60.00,solid0x00,2.551250,51.598747,P9KT98.AC_a_0,Q0128,25C,231207
0.72,1.62,0x9f,200,4.948633,202.08,2.388750,3.330000,0x0b,0x18,60.00,solid0xff,2.476250,46.723751,P9KT98.AC_a_0,Q0128,25C,231207
0.72,1.62,0x9f,200,4.942999,202.31,2.381875,3.318125,0x0b,0x18,80.00,ckbd-0xaa,2.656250,50.940624,P9KT98.AC_a_0,Q0128,25C,231207
0.72,1.62,0x9f,200,4.942999,202.31,2.381875,3.318125,0x0b,0x18,80.00,solid0x00,2.619375,52.181873,P9KT98.AC_a_0,Q0128,25C,231207
0.72,1.62,0x9f,200,4.942999,202.31,2.381875,3.318125,0x0b,0x18,80.00,solid0xff,2.545625,47.014381,P9KT98.AC_a_0,Q0128,25C,231207
0.72,1.62,0x9f,200,4.940457,202.41,2.388750,3.329375,0x0b,0x18,100.00,ckbd-0xaa,2.601250,49.900002,P9KT98.AC_a_0,Q0128,25C,231207
0.72,1.62,0x9f,200,4.940457,202.41,2.388750,3.329375,0x0b,0x18,100.00,solid0x00,2.564375,54.353748,P9KT98.AC_a_0,Q0128,25C,231207
0.72,1.62,0x9f,200,4.940457,202.41,2.388750,3.329375,0x0b,0x18,100.00,solid0xff,2.532500,46.385624,P9KT98.AC_a_0,Q0128,25C,231207
0.80,1.80,0x9f,200,5.012914,199.48,2.623125,4.015625,0x0b,0x12,20.00,ckbd-0xaa,3.155000,56.921875,P9KT98.AC_a_0,Q0128,25C,231207
0.80,1.80,0x9f,200,5.012914,199.48,2.623125,4.015625,0x0b,0x12,20.00,solid0x00,3.038750,58.245625,P9KT98.AC_a_0,Q0128,25C,231207
0.80,1.80,0x9f,200,5.012914,199.48,2.623125,4.015625,0x0b,0x12,20.00,solid0xff,2.925000,55.561871,P9KT98.AC_a_0,Q0128,25C,231207
0.80,1.80,0x9f,200,5.050896,197.98,2.703750,3.996875,0x0b,0x12,25.00,ckbd-0xaa,3.106875,57.648750,P9KT98.AC_a_0,Q0128,25C,231207
0.80,1.80,0x9f,200,5.050896,197.98,2.703750,3.996875,0x0b,0x12,25.00,solid0x00,2.983125,58.666248,P9KT98.AC_a_0,Q0128,25C,231207
0.80,1.80,0x9f,200,5.050896,197.98,2.703750,3.996875,0x0b,0x12,25.00,solid0xff,2.915625,55.769371,P9KT98.AC_a_0,Q0128,25C,231207
0.80,1.80,0x9f,200,5.021054,199.16,2.668125,4.011875,0x0b,0x12,40.00,ckbd-0xaa,3.035000,58.314373,P9KT98.AC_a_0,Q0128,25C,231207
0.80,1.80,0x9f,200,5.021054,199.16,2.668125,4.011875,0x0b,0x12,40.00,solid0x00,2.981250,59.766869,P9KT98.AC_a_0,Q0128,25C,231207
0.80,1.80,0x9f,200,5.021054,199.16,2.668125,4.011875,0x0b,0x12,40.00,solid0xff,2.934375,56.151253,P9KT98.AC_a_0,Q0128,25C,231207
0.80,1.80,0x9f,200,5.011558,199.54,2.721250,3.995625,0x0b,0x12,60.00,ckbd-0xaa,2.982500,59.684376,P9KT98.AC_a_0,Q0128,25C,231207
0.80,1.80,0x9f,200,5.011558,199.54,2.721250,3.995625,0x0b,0x12,60.00,solid0x00,2.904375,60.689369,P9KT98.AC_a_0,Q0128,25C,231207
0.80,1.80,0x9f,200,5.011558,199.54,2.721250,3.995625,0x0b,0x12,60.00,solid0xff,2.875625,56.774376,P9KT98.AC_a_0,Q0128,25C,231207
0.80,1.80,0x9f,200,5.021225,199.15,2.653750,4.013125,0x0b,0x12,80.00,ckbd-0xaa,2.955625,59.731255,P9KT98.AC_a_0,Q0128,25C,231207
0.80,1.80,0x9f,200,5.021225,199.15,2.653750,4.013125,0x0b,0x12,80.00,solid0x00,2.897500,62.063122,P9KT98.AC_a_0,Q0128,25C,231207
0.80,1.80,0x9f,200,5.021225,199.15,2.653750,4.013125,0x0b,0x12,80.00,solid0xff,2.876250,56.586876,P9KT98.AC_a_0,Q0128,25C,231207
0.80,1.80,0x9f,200,4.987599,200.50,2.701250,4.002500,0x0b,0x12,100.00,ckbd-0xaa,2.940000,60.991871,P9KT98.AC_a_0,Q0128,25C,231207
0.80,1.80,0x9f,200,4.987599,200.50,2.701250,4.002500,0x0b,0x12,100.00,solid0x00,2.914375,62.961872,P9KT98.AC_a_0,Q0128,25C,231207
0.80,1.80,0x9f,200,4.987599,200.50,2.701250,4.002500,0x0b,0x12,100.00,solid0xff,2.851250,57.095623,P9KT98.AC_a_0,Q0128,25C,231207
0.80,1.80,0x9f,200,5.026675,198.94,2.663125,4.013125,0x0b,0x16,20.00,ckbd-0xaa,3.078750,57.388752,P9KT98.AC_a_0,Q0128,25C,231207
0.80,1.80,0x9f,200,5.026675,198.94,2.663125,4.013125,0x0b,0x16,20.00,solid0x00,2.960625,58.458122,P9KT98.AC_a_0,Q0128,25C,231207
0.80,1.80,0x9f,200,5.026675,198.94,2.663125,4.013125,0x0b,0x16,20.00,solid0xff,2.867500,55.683125,P9KT98.AC_a_0,Q0128,25C,231207
0.80,1.80,0x9f,200,4.990043,200.40,2.725000,4.028125,0x0b,0x16,25.00,ckbd-0xaa,3.117500,57.979378,P9KT98.AC_a_0,Q0128,25C,231207
0.80,1.80,0x9f,200,4.990043,200.40,2.725000,4.028125,0x0b,0x16,25.00,solid0x00,2.969375,59.199383,P9KT98.AC_a_0,Q0128,25C,231207
0.80,1.80,0x9f,200,4.990043,200.40,2.725000,4.028125,0x0b,0x16,25.00,solid0xff,2.891875,56.115623,P9KT98.AC_a_0,Q0128,25C,231207
0.80,1.80,0x9f,200,4.913683,203.51,2.628750,4.005625,0x0b,0x16,40.00,ckbd-0xaa,3.053750,59.625000,P9KT98.AC_a_0,Q0128,25C,231207
0.80,1.80,0x9f,200,4.913683,203.51,2.628750,4.005625,0x0b,0x16,40.00,solid0x00,2.971875,60.626251,P9KT98.AC_a_0,Q0128,25C,231207
0.80,1.80,0x9f,200,4.913683,203.51,2.628750,4.005625,0x0b,0x16,40.00,solid0xff,2.901250,56.834999,P9KT98.AC_a_0,Q0128,25C,231207
0.80,1.80,0x9f,200,5.020432,199.19,2.694375,3.986875,0x0b,0x16,60.00,ckbd-0xaa,3.020000,60.431252,P9KT98.AC_a_0,Q0128,25C,231207
0.80,1.80,0x9f,200,5.020432,199.19,2.694375,3.986875,0x0b,0x16,60.00,solid0x00,2.961875,62.659996,P9KT98.AC_a_0,Q0128,25C,231207
0.80,1.80,0x9f,200,5.020432,199.19,2.694375,3.986875,0x0b,0x16,60.00,solid0xff,2.915000,57.217499,P9KT98.AC_a_0,Q0128,25C,231207
0.80,1.80,0x9f,200,4.936476,202.57,2.730625,3.967500,0x0b,0x16,80.00,ckbd-0xaa,2.961250,60.941875,P9KT98.AC_a_0,Q0128,25C,231207
0.80,1.80,0x9f,200,4.936476,202.57,2.730625,3.967500,0x0b,0x16,80.00,solid0x00,2.875000,64.809372,P9KT98.AC_a_0,Q0128,25C,231207
0.80,1.80,0x9f,200,4.936476,202.57,2.730625,3.967500,0x0b,0x16,80.00,solid0xff,2.826250,57.291870,P9KT98.AC_a_0,Q0128,25C,231207
0.80,1.80,0x9f,200,4.980950,200.76,2.672500,3.992500,0x0b,0x16,100.00,ckbd-0xaa,2.900625,61.283752,P9KT98.AC_a_0,Q0128,25C,231207
0.80,1.80,0x9f,200,4.980950,200.76,2.672500,3.992500,0x0b,0x16,100.00,solid0x00,2.818750,64.126877,P9KT98.AC_a_0,Q0128,25C,231207
0.80,1.80,0x9f,200,4.980950,200.76,2.672500,3.992500,0x0b,0x16,100.00,solid0xff,2.808125,57.448120,P9KT98.AC_a_0,Q0128,25C,231207
0.80,1.80,0x9f,200,4.983659,200.66,2.696250,3.996875,0x0b,0x18,20.00,ckbd-0xaa,3.128750,57.546875,P9KT98.AC_a_0,Q0128,25C,231207
0.80,1.80,0x9f,200,4.983659,200.66,2.696250,3.996875,0x0b,0x18,20.00,solid0x00,2.974375,59.419373,P9KT98.AC_a_0,Q0128,25C,231207
0.80,1.80,0x9f,200,4.983659,200.66,2.696250,3.996875,0x0b,0x18,20.00,solid0xff,2.958125,56.071869,P9KT98.AC_a_0,Q0128,25C,231207
0.80,1.80,0x9f,200,4.924604,203.06,2.721250,4.004375,0x0b,0x18,25.00,ckbd-0xaa,3.080625,58.101875,P9KT98.AC_a_0,Q0128,25C,231207
0.80,1.80,0x9f,200,4.924604,203.06,2.721250,4.004375,0x0b,0x18,25.00,solid0x00,2.960625,59.865002,P9KT98.AC_a_0,Q0128,25C,231207
0.80,1.80,0x9f,200,4.924604,203.06,2.721250,4.004375,0x0b,0x18,25.00,solid0xff,2.918125,56.299999,P9KT98.AC_a_0,Q0128,25C,231207
0.80,1.80,0x9f,200,5.024985,199.01,2.699375,4.026875,0x0b,0x18,40.00,ckbd-0xaa,3.015625,59.201252,P9KT98.AC_a_0,Q0128,25C,231207
0.80,1.80,0x9f,200,5.024985,199.01,2.699375,4.026875,0x0b,0x18,40.00,solid0x00,2.903750,60.884377,P9KT98.AC_a_0,Q0128,25C,231207
0.80,1.80,0x9f,200,5.024985,199.01,2.699375,4.026875,0x0b,0x18,40.00,solid0xff,2.856875,56.673748,P9KT98.AC_a_0,Q0128,25C,231207
0.80,1.80,0x9f,200,5.003327,199.87,2.710000,3.970624,0x0b,0x18,60.00,ckbd-0xaa,3.001250,60.392498,P9KT98.AC_a_0,Q0128,25C,231207
0.80,1.80,0x9f,200,5.003327,199.87,2.710000,3.970624,0x0b,0x18,60.00,solid0x00,2.943750,62.608124,P9KT98.AC_a_0,Q0128,25C,231207
0.80,1.80,0x9f,200,5.003327,199.87,2.710000,3.970624,0x0b,0x18,60.00,solid0xff,2.924375,57.164375,P9KT98.AC_a_0,Q0128,25C,231207
0.80,1.80,0x9f,200,4.977057,200.92,2.708750,3.991875,0x0b,0x18,80.00,ckbd-0xaa,2.991875,61.384377,P9KT98.AC_a_0,Q0128,25C,231207
0.80,1.80,0x9f,200,4.977057,200.92,2.708750,3.991875,0x0b,0x18,80.00,solid0x00,2.908125,63.976879,P9KT98.AC_a_0,Q0128,25C,231207
0.80,1.80,0x9f,200,4.977057,200.92,2.708750,3.991875,0x0b,0x18,80.00,solid0xff,2.851875,57.601875,P9KT98.AC_a_0,Q0128,25C,231207
0.80,1.80,0x9f,200,5.039345,198.44,2.709375,4.008750,0x0b,0x18,100.00,ckbd-0xaa,2.873125,62.149376,P9KT98.AC_a_0,Q0128,25C,231207
0.80,1.80,0x9f,200,5.039345,198.44,2.709375,4.008750,0x0b,0x18,100.00,solid0x00,2.851250,65.137497,P9KT98.AC_a_0,Q0128,25C,231207
0.80,1.80,0x9f,200,5.039345,198.44,2.709375,4.008750,0x0b,0x18,100.00,solid0xff,2.799375,57.909374,P9KT98.AC_a_0,Q0128,25C,231207
0.88,1.98,0x9f,200,5.043447,198.28,3.020625,4.771250,0x0b,0x12,20.00,ckbd-0xaa,3.500625,67.821251,P9KT98.AC_a_0,Q0128,25C,231207
0.88,1.98,0x9f,200,5.043447,198.28,3.020625,4.771250,0x0b,0x12,20.00,solid0x00,3.365625,68.775627,P9KT98.AC_a_0,Q0128,25C,231207
0.88,1.98,0x9f,200,5.043447,198.28,3.020625,4.771250,0x0b,0x12,20.00,solid0xff,3.233125,66.336868,P9KT98.AC_a_0,Q0128,25C,231207
0.88,1.98,0x9f,200,5.066207,197.39,3.033125,4.746875,0x0b,0x12,25.00,ckbd-0xaa,3.447500,67.861877,P9KT98.AC_a_0,Q0128,25C,231207
0.88,1.98,0x9f,200,5.066207,197.39,3.033125,4.746875,0x0b,0x12,25.00,solid0x00,3.327500,69.713753,P9KT98.AC_a_0,Q0128,25C,231207
0.88,1.98,0x9f,200,5.066207,197.39,3.033125,4.746875,0x0b,0x12,25.00,solid0xff,3.257500,66.311874,P9KT98.AC_a_0,Q0128,25C,231207
0.88,1.98,0x9f,200,5.069995,197.24,3.060625,4.746875,0x0b,0x12,40.00,ckbd-0xaa,3.385000,68.529999,P9KT98.AC_a_0,Q0128,25C,231207
0.88,1.98,0x9f,200,5.069995,197.24,3.060625,4.746875,0x0b,0x12,40.00,solid0x00,3.315625,70.918121,P9KT98.AC_a_0,Q0128,25C,231207
0.88,1.98,0x9f,200,5.069995,197.24,3.060625,4.746875,0x0b,0x12,40.00,solid0xff,3.243125,66.538750,P9KT98.AC_a_0,Q0128,25C,231207
0.88,1.98,0x9f,200,5.060125,197.62,3.030000,4.746250,0x0b,0x12,60.00,ckbd-0xaa,3.519375,70.509995,P9KT98.AC_a_0,Q0128,25C,231207
0.88,1.98,0x9f,200,5.060125,197.62,3.030000,4.746250,0x0b,0x12,60.00,solid0x00,3.393125,71.680626,P9KT98.AC_a_0,Q0128,25C,231207
0.88,1.98,0x9f,200,5.060125,197.62,3.030000,4.746250,0x0b,0x12,60.00,solid0xff,3.326250,67.405624,P9KT98.AC_a_0,Q0128,25C,231207
0.88,1.98,0x9f,200,5.059977,197.63,2.979375,4.728749,0x0b,0x12,80.00,ckbd-0xaa,3.402500,70.673126,P9KT98.AC_a_0,Q0128,25C,231207
0.88,1.98,0x9f,200,5.059977,197.63,2.979375,4.728749,0x0b,0x12,80.00,solid0x00,3.362500,72.705627,P9KT98.AC_a_0,Q0128,25C,231207
0.88,1.98,0x9f,200,5.059977,197.63,2.979375,4.728749,0x0b,0x12,80.00,solid0xff,3.326250,67.284996,P9KT98.AC_a_0,Q0128,25C,231207
0.88,1.98,0x9f,200,5.078960,196.89,3.051250,4.756875,0x0b,0x12,100.00,ckbd-0xaa,3.271250,70.814377,P9KT98.AC_a_0,Q0128,25C,231207
0.88,1.98,0x9f,200,5.078960,196.89,3.051250,4.756875,0x0b,0x12,100.00,solid0x00,3.240625,73.310005,P9KT98.AC_a_0,Q0128,25C,231207
0.88,1.98,0x9f,200,5.078960,196.89,3.051250,4.756875,0x0b,0x12,100.00,solid0xff,3.214375,67.436241,P9KT98.AC_a_0,Q0128,25C,231207
0.88,1.98,0x9f,200,5.046481,198.16,2.998750,4.752500,0x0b,0x16,20.00,ckbd-0xaa,3.496875,68.352493,P9KT98.AC_a_0,Q0128,25C,231207
0.88,1.98,0x9f,200,5.046481,198.16,2.998750,4.752500,0x0b,0x16,20.00,solid0x00,3.394375,69.266251,P9KT98.AC_a_0,Q0128,25C,231207
0.88,1.98,0x9f,200,5.046481,198.16,2.998750,4.752500,0x0b,0x16,20.00,solid0xff,3.301250,66.791245,P9KT98.AC_a_0,Q0128,25C,231207
0.88,1.98,0x9f,200,5.039968,198.41,3.080625,4.739375,0x0b,0x16,25.00,ckbd-0xaa,3.488125,69.083748,P9KT98.AC_a_0,Q0128,25C,231207
0.88,1.98,0x9f,200,5.039968,198.41,3.080625,4.739375,0x0b,0x16,25.00,solid0x00,3.347500,69.938751,P9KT98.AC_a_0,Q0128,25C,231207
0.88,1.98,0x9f,200,5.039968,198.41,3.080625,4.739375,0x0b,0x16,25.00,solid0xff,3.274375,67.097504,P9KT98.AC_a_0,Q0128,25C,231207
0.88,1.98,0x9f,200,5.040576,198.39,3.056250,4.783750,0x0b,0x16,40.00,ckbd-0xaa,3.414375,70.070625,P9KT98.AC_a_0,Q0128,25C,231207
0.88,1.98,0x9f,200,5.040576,198.39,3.056250,4.783750,0x0b,0x16,40.00,solid0x00,3.317500,71.402496,P9KT98.AC_a_0,Q0128,25C,231207
0.88,1.98,0x9f,200,5.040576,198.39,3.056250,4.783750,0x0b,0x16,40.00,solid0xff,3.276250,67.477493,P9KT98.AC_a_0,Q0128,25C,231207
0.88,1.98,0x9f,200,5.056652,197.76,3.048750,4.727500,0x0b,0x16,60.00,ckbd-0xaa,3.418125,70.491249,P9KT98.AC_a_0,Q0128,25C,231207
0.88,1.98,0x9f,200,5.056652,197.76,3.048750,4.727500,0x0b,0x16,60.00,solid0x00,3.331250,73.736252,P9KT98.AC_a_0,Q0128,25C,231207
0.88,1.98,0x9f,200,5.056652,197.76,3.048750,4.727500,0x0b,0x16,60.00,solid0xff,3.258750,67.838120,P9KT98.AC_a_0,Q0128,25C,231207
0.88,1.98,0x9f,200,5.063535,197.49,2.988125,4.748125,0x0b,0x16,80.00,ckbd-0xaa,3.427500,72.253746,P9KT98.AC_a_0,Q0128,25C,231207
0.88,1.98,0x9f,200,5.063535,197.49,2.988125,4.748125,0x0b,0x16,80.00,solid0x00,3.308750,74.408745,P9KT98.AC_a_0,Q0128,25C,231207
0.88,1.98,0x9f,200,5.063535,197.49,2.988125,4.748125,0x0b,0x16,80.00,solid0xff,3.283125,68.380623,P9KT98.AC_a_0,Q0128,25C,231207
0.88,1.98,0x9f,200,5.060139,197.62,2.990625,4.724375,0x0b,0x16,100.00,ckbd-0xaa,3.243125,71.868118,P9KT98.AC_a_0,Q0128,25C,231207
0.88,1.98,0x9f,200,5.060139,197.62,2.990625,4.724375,0x0b,0x16,100.00,solid0x00,3.231875,75.152496,P9KT98.AC_a_0,Q0128,25C,231207
0.88,1.98,0x9f,200,5.060139,197.62,2.990625,4.724375,0x0b,0x16,100.00,solid0xff,3.215000,68.021866,P9KT98.AC_a_0,Q0128,25C,231207
0.88,1.98,0x9f,200,5.018247,199.27,3.068750,4.728750,0x0b,0x18,20.00,ckbd-0xaa,3.525625,68.831879,P9KT98.AC_a_0,Q0128,25C,231207
0.88,1.98,0x9f,200,5.018247,199.27,3.068750,4.728750,0x0b,0x18,20.00,solid0x00,3.389375,69.616249,P9KT98.AC_a_0,Q0128,25C,231207
0.88,1.98,0x9f,200,5.018247,199.27,3.068750,4.728750,0x0b,0x18,20.00,solid0xff,3.284375,67.056259,P9KT98.AC_a_0,Q0128,25C,231207
0.88,1.98,0x9f,200,5.083224,196.73,3.055000,4.745625,0x0b,0x18,25.00,ckbd-0xaa,3.486250,69.453117,P9KT98.AC_a_0,Q0128,25C,231207
0.88,1.98,0x9f,200,5.083224,196.73,3.055000,4.745625,0x0b,0x18,25.00,solid0x00,3.376250,71.184998,P9KT98.AC_a_0,Q0128,25C,231207
0.88,1.98,0x9f,200,5.083224,196.73,3.055000,4.745625,0x0b,0x18,25.00,solid0xff,3.304375,67.237495,P9KT98.AC_a_0,Q0128,25C,231207
0.88,1.98,0x9f,200,5.027796,198.89,3.015000,4.731874,0x0b,0x18,40.00,ckbd-0xaa,3.426875,69.911247,P9KT98.AC_a_0,Q0128,25C,231207
0.88,1.98,0x9f,200,5.027796,198.89,3.015000,4.731874,0x0b,0x18,40.00,solid0x00,3.288750,72.568741,P9KT98.AC_a_0,Q0128,25C,231207
0.88,1.98,0x9f,200,5.027796,198.89,3.015000,4.731874,0x0b,0x18,40.00,solid0xff,3.242500,67.345627,P9KT98.AC_a_0,Q0128,25C,231207
0.88,1.98,0x9f,200,5.034921,198.61,3.023750,4.767500,0x0b,0x18,60.00,ckbd-0xaa,3.325625,71.846245,P9KT98.AC_a_0,Q0128,25C,231207
0.88,1.98,0x9f,200,5.034921,198.61,3.023750,4.767500,0x0b,0x18,60.00,solid0x00,3.244375,72.805008,P9KT98.AC_a_0,Q0128,25C,231207
0.88,1.98,0x9f,200,5.034921,198.61,3.023750,4.767500,0x0b,0x18,60.00,solid0xff,3.188750,68.234367,P9KT98.AC_a_0,Q0128,25C,231207
0.88,1.98,0x9f,200,5.037000,198.53,2.988750,4.731875,0x0b,0x18,80.00,ckbd-0xaa,3.335625,72.066872,P9KT98.AC_a_0,Q0128,25C,231207
0.88,1.98,0x9f,200,5.037000,198.53,2.988750,4.731875,0x0b,0x18,80.00,solid0x00,3.293750,75.309998,P9KT98.AC_a_0,Q0128,25C,231207
0.88,1.98,0x9f,200,5.037000,198.53,2.988750,4.731875,0x0b,0x18,80.00,solid0xff,3.253125,68.149376,P9KT98.AC_a_0,Q0128,25C,231207
0.88,1.98,0x9f,200,5.047462,198.12,3.018750,4.740625,0x0b,0x18,100.00,ckbd-0xaa,3.349375,73.212502,P9KT98.AC_a_0,Q0128,25C,231207
0.88,1.98,0x9f,200,5.047462,198.12,3.018750,4.740625,0x0b,0x18,100.00,solid0x00,3.282500,75.331245,P9KT98.AC_a_0,Q0128,25C,231207
0.88,1.98,0x9f,200,5.047462,198.12,3.018750,4.740625,0x0b,0x18,100.00,solid0xff,3.227500,68.543747,P9KT98.AC_a_0,Q0128,25C,231207
